INSERT INTO course (cid,coursecode,coursename,created,creator,visibility,activeversion,hp) VALUES (1894,'G420','Demo-Course',NOW(),1,1,'52432','1');

INSERT INTO vers (cid,coursecode,coursename,coursenamealt,vers,versname,startdate,enddate,motd) VALUES (1894,'G420','Demo-Course','Chaos Theory - Conspiracy 64k Demo','52432','ST20','2020-05-01 00:00:00','2020-06:30 00:00:00','Demo Course 2020 - All current duggas');

INSERT INTO quiz (id,cid,autograde,gradesystem,qname,quizFile,qrelease,deadline,modified,creator,vers) VALUES (13,1894,1,2,'3D Dugga','3d-dugga','2020-05-01 00:00:00','2020-06:30 00:00:00',NOW(),1894, "52432");
INSERT INTO quiz (id,cid,autograde,gradesystem,qname,quizFile,qrelease,deadline,modified,creator,vers) VALUES (14,1894,1,2,'BIT Dugga','bit-dugga','2020-05-01 00:00:00','2020-06:30 00:00:00',NOW(),1894, "52432");
INSERT INTO quiz (id,cid,autograde,gradesystem,qname,quizFile,qrelease,deadline,modified,creator,vers) VALUES (15,1894,1,2,'Boxmodell','boxmodell','2020-05-01 00:00:00','2020-06:30 00:00:00',NOW(),1894, "52432");
INSERT INTO quiz (id,cid,autograde,gradesystem,qname,quizFile,qrelease,deadline,modified,creator,vers) VALUES (16,1894,1,2,'Clipping Maskin Dugga','clipping_masking_dugga','2020-05-01 00:00:00','2020-06:30 00:00:00',NOW(),1894, "52432");
INSERT INTO quiz (id,cid,autograde,gradesystem,qname,quizFile,qrelease,deadline,modified,creator,vers) VALUES (17,1894,1,2,'Color Dugga','color-dugga','2020-05-01 00:00:00','2020-06:30 00:00:00',NOW(),1894, "52432");
INSERT INTO quiz (id,cid,autograde,gradesystem,qname,quizFile,qrelease,deadline,modified,creator,vers) VALUES (18,1894,1,2,'Contribution','contribution','2020-05-01 00:00:00','2020-06:30 00:00:00',NOW(),1894, "52432");
INSERT INTO quiz (id,cid,autograde,gradesystem,qname,quizFile,qrelease,deadline,modified,creator,vers) VALUES (19,1894,1,2,'Curve Dugga','curve-dugga','2020-05-01 00:00:00','2020-06:30 00:00:00',NOW(),1894, "52432");
INSERT INTO quiz (id,cid,autograde,gradesystem,qname,quizFile,qrelease,deadline,modified,creator,vers) VALUES (20,1894,1,2,'Daily Minutes','daily-minutes','2020-05-01 00:00:00','2020-06:30 00:00:00',NOW(),1894, "52432");
INSERT INTO quiz (id,cid,autograde,gradesystem,qname,quizFile,qrelease,deadline,modified,creator,vers) VALUES (21,1894,1,2,'Diagram Dugga','diagram_dugga','2020-05-01 00:00:00','2020-06:30 00:00:00',NOW(),1894, "52432");
INSERT INTO quiz (id,cid,autograde,gradesystem,qname,quizFile,qrelease,deadline,modified,creator,vers) VALUES (22,1894,1,2,'Dugga 1','dugga1','2020-05-01 00:00:00','2020-06:30 00:00:00',NOW(),1894, "52432");
INSERT INTO quiz (id,cid,autograde,gradesystem,qname,quizFile,qrelease,deadline,modified,creator,vers) VALUES (23,1894,1,2,'Dugga 2','dugga2','2020-05-01 00:00:00','2020-06:30 00:00:00',NOW(),1894, "52432");
INSERT INTO quiz (id,cid,autograde,gradesystem,qname,quizFile,qrelease,deadline,modified,creator,vers) VALUES (24,1894,1,2,'Dugga 3','dugga3','2020-05-01 00:00:00','2020-06:30 00:00:00',NOW(),1894, "52432");
INSERT INTO quiz (id,cid,autograde,gradesystem,qname,quizFile,qrelease,deadline,modified,creator,vers) VALUES (25,1894,1,2,'Dugga 4','dugga4','2020-05-01 00:00:00','2020-06:30 00:00:00',NOW(),1894, "52432");
INSERT INTO quiz (id,cid,autograde,gradesystem,qname,quizFile,qrelease,deadline,modified,creator,vers) VALUES (26,1894,1,2,'Dugga 5','dugga5','2020-05-01 00:00:00','2020-06:30 00:00:00',NOW(),1894, "52432");
INSERT INTO quiz (id,cid,autograde,gradesystem,qname,quizFile,qrelease,deadline,modified,creator,vers) VALUES (27,1894,1,2,'Dugga 6','dugga6','2020-05-01 00:00:00','2020-06:30 00:00:00',NOW(),1894, "52432");
INSERT INTO quiz (id,cid,autograde,gradesystem,qname,quizFile,qrelease,deadline,modified,creator,vers) VALUES (28,1894,1,2,'Feedback Dugga','feedback_dugga','2020-05-01 00:00:00','2020-06:30 00:00:00',NOW(),1894, "52432");
INSERT INTO quiz (id,cid,autograde,gradesystem,qname,quizFile,qrelease,deadline,modified,creator,vers) VALUES (29,1894,1,2,'Generic Dugga File Receive','generic_dugga_file_receive','2020-05-01 00:00:00','2020-06:30 00:00:00',NOW(),1894, "52432");
INSERT INTO quiz (id,cid,autograde,gradesystem,qname,quizFile,qrelease,deadline,modified,creator,vers) VALUES (30,1894,1,2,'Group Assignment','group-assignment','2020-05-01 00:00:00','2020-06:30 00:00:00',NOW(),1894, "52432");
INSERT INTO quiz (id,cid,autograde,gradesystem,qname,quizFile,qrelease,deadline,modified,creator,vers) VALUES (31,1894,1,2,'HTML CSS Dugga','html_css_dugga','2020-05-01 00:00:00','2020-06:30 00:00:00',NOW(),1894, "52432");
INSERT INTO quiz (id,cid,autograde,gradesystem,qname,quizFile,qrelease,deadline,modified,creator,vers) VALUES (32,1894,1,2,'HTML CSS Dugga Light','html_css_dugga_light','2020-05-01 00:00:00','2020-06:30 00:00:00',NOW(),1894, "52432");
INSERT INTO quiz (id,cid,autograde,gradesystem,qname,quizFile,qrelease,deadline,modified,creator,vers) VALUES (33,1894,1,2,'Kryss','kryss','2020-05-01 00:00:00','2020-06:30 00:00:00',NOW(),1894, "52432");
INSERT INTO quiz (id,cid,autograde,gradesystem,qname,quizFile,qrelease,deadline,modified,creator,vers) VALUES (34,1894,1,2,'Placeholder Dugga','placeholder_dugga','2020-05-01 00:00:00','2020-06:30 00:00:00',NOW(),1894, "52432");
INSERT INTO quiz (id,cid,autograde,gradesystem,qname,quizFile,qrelease,deadline,modified,creator,vers) VALUES (35,1894,1,2,'Shapes Dugga','shapes-dugga','2020-05-01 00:00:00','2020-06:30 00:00:00',NOW(),1894, "52432");
INSERT INTO quiz (id,cid,autograde,gradesystem,qname,quizFile,qrelease,deadline,modified,creator,vers) VALUES (36,1894,1,2,'Transforms Dugga','transforms-dugga','2020-05-01 00:00:00','2020-06:30 00:00:00',NOW(),1894, "52432");
INSERT INTO quiz (id,cid,autograde,gradesystem,qname,quizFile,qrelease,deadline,modified,creator,vers) VALUES (37,1894,1,2,'XMLAPI Report','XMLAPI_report1','2020-05-01 00:00:00','2020-06:30 00:00:00',NOW(),1894, "52432");
INSERT INTO quiz (id,cid,autograde,gradesystem,qname,quizFile,qrelease,deadline,modified,creator,vers) VALUES (38,1894,1,2,'Seminar Dugga','seminar_dugga','2020-05-01 00:00:00','2020-06:30 00:00:00',NOW(),1894, "52432");

INSERT INTO listentries (lid,cid,entryname,link,kind,pos,creator,visible,vers,moment,gradesystem,highscoremode,rowcolor) VALUES (3001,1894,'Tillgängliga Duggor','',4,0,1,1,'52432',3001,2,0,0);
INSERT INTO listentries (lid,cid,entryname,link,kind,pos,creator,visible,vers,moment,gradesystem,highscoremode,rowcolor) VALUES (3002,1894,'3D Dugga','13',3,1,1,1,'52432',3001,2,1,0);
INSERT INTO listentries (lid,cid,entryname,link,kind,pos,creator,visible,vers,moment,gradesystem,highscoremode,rowcolor) VALUES (3003,1894,'BIT Dugga','14',3,2,1,1,'52432',3001,2,1,0);
INSERT INTO listentries (lid,cid,entryname,link,kind,pos,creator,visible,vers,moment,gradesystem,highscoremode,rowcolor) VALUES (3004,1894,'Boxmodell','15',3,3,1,1,'52432',3001,2,1,0);
INSERT INTO listentries (lid,cid,entryname,link,kind,pos,creator,visible,vers,moment,gradesystem,highscoremode,rowcolor) VALUES (3005,1894,'Clipping Maskin Dugga','16',3,4,1,1,'52432',3001,2,1,0);
INSERT INTO listentries (lid,cid,entryname,link,kind,pos,creator,visible,vers,moment,gradesystem,highscoremode,rowcolor) VALUES (3006,1894,'Color Dugga','17',3,5,1,1,'52432',3001,2,1,0);
INSERT INTO listentries (lid,cid,entryname,link,kind,pos,creator,visible,vers,moment,gradesystem,highscoremode,rowcolor) VALUES (3007,1894,'Contribution','18',3,6,1,1,'52432',3001,2,1,0);
INSERT INTO listentries (lid,cid,entryname,link,kind,pos,creator,visible,vers,moment,gradesystem,highscoremode,rowcolor) VALUES (3008,1894,'Curve Dugga','19',3,7,1,1,'52432',3001,2,1,0);
INSERT INTO listentries (lid,cid,entryname,link,kind,pos,creator,visible,vers,moment,gradesystem,highscoremode,rowcolor) VALUES (3009,1894,'Daily Minutes','20',3,8,1,1,'52432',3001,2,1,0);
INSERT INTO listentries (lid,cid,entryname,link,kind,pos,creator,visible,vers,moment,gradesystem,highscoremode,rowcolor) VALUES (3010,1894,'Diagram Dugga','21',3,9,1,1,'52432',3001,2,1,0);
INSERT INTO listentries (lid,cid,entryname,link,kind,pos,creator,visible,vers,moment,gradesystem,highscoremode,rowcolor) VALUES (3011,1894,'Dugga 1','22',3,10,1,1,'52432',3001,2,1,0);
INSERT INTO listentries (lid,cid,entryname,link,kind,pos,creator,visible,vers,moment,gradesystem,highscoremode,rowcolor) VALUES (3012,1894,'Dugga 2','23',3,11,1,1,'52432',3001,2,1,0);
INSERT INTO listentries (lid,cid,entryname,link,kind,pos,creator,visible,vers,moment,gradesystem,highscoremode,rowcolor) VALUES (3013,1894,'Dugga 3','24',3,12,1,1,'52432',3001,2,1,0);
INSERT INTO listentries (lid,cid,entryname,link,kind,pos,creator,visible,vers,moment,gradesystem,highscoremode,rowcolor) VALUES (3014,1894,'Dugga 4','25',3,13,1,1,'52432',3001,2,1,0);
INSERT INTO listentries (lid,cid,entryname,link,kind,pos,creator,visible,vers,moment,gradesystem,highscoremode,rowcolor) VALUES (3015,1894,'Dugga 5','26',3,14,1,1,'52432',3001,2,1,0);
INSERT INTO listentries (lid,cid,entryname,link,kind,pos,creator,visible,vers,moment,gradesystem,highscoremode,rowcolor) VALUES (3016,1894,'Dugga 6','27',3,15,1,1,'52432',3001,2,1,0);
INSERT INTO listentries (lid,cid,entryname,link,kind,pos,creator,visible,vers,moment,gradesystem,highscoremode,rowcolor) VALUES (3017,1894,'Feedback Dugga','28',3,16,1,1,'52432',3001,2,1,0);
INSERT INTO listentries (lid,cid,entryname,link,kind,pos,creator,visible,vers,moment,gradesystem,highscoremode,rowcolor) VALUES (3018,1894,'Generic Dugga File Receive','29',3,17,1,1,'52432',3001,2,1,0);
INSERT INTO listentries (lid,cid,entryname,link,kind,pos,creator,visible,vers,moment,gradesystem,highscoremode,rowcolor) VALUES (3019,1894,'Group Assignment','30',3,18,1,1,'52432',3001,2,1,0);
INSERT INTO listentries (lid,cid,entryname,link,kind,pos,creator,visible,vers,moment,gradesystem,highscoremode,rowcolor) VALUES (3020,1894,'HTML CSS Dugga','31',3,19,1,1,'52432',3001,2,1,0);
INSERT INTO listentries (lid,cid,entryname,link,kind,pos,creator,visible,vers,moment,gradesystem,highscoremode,rowcolor) VALUES (3021,1894,'HTML CSS Dugga Light','32',3,20,1,1,'52432',3001,2,1,0);
INSERT INTO listentries (lid,cid,entryname,link,kind,pos,creator,visible,vers,moment,gradesystem,highscoremode,rowcolor) VALUES (3022,1894,'Kryss','33',3,21,1,1,'52432',3001,2,1,0);
INSERT INTO listentries (lid,cid,entryname,link,kind,pos,creator,visible,vers,moment,gradesystem,highscoremode,rowcolor) VALUES (3023,1894,'Placeholder Dugga','34',3,22,1,1,'52432',3001,2,1,0);
INSERT INTO listentries (lid,cid,entryname,link,kind,pos,creator,visible,vers,moment,gradesystem,highscoremode,rowcolor) VALUES (3024,1894,'Shapes Dugga','35',3,23,1,1,'52432',3001,2,1,0);
INSERT INTO listentries (lid,cid,entryname,link,kind,pos,creator,visible,vers,moment,gradesystem,highscoremode,rowcolor) VALUES (3025,1894,'Transforms Dugga','36',3,24,1,1,'52432',3001,2,1,0);
INSERT INTO listentries (lid,cid,entryname,link,kind,pos,creator,visible,vers,moment,gradesystem,highscoremode,rowcolor) VALUES (3026,1894,'XMLAPI Report','37',3,25,1,1,'52432',3001,2,1,0);
INSERT INTO listentries (lid,cid,entryname,link,kind,pos,creator,visible,vers,moment,gradesystem,highscoremode,rowcolor) VALUES (3027,1894,'Seminar Dugga','38',3,25,1,1,'52432',3001,2,1,0);

INSERT INTO variant (vid,quizID,param,variantanswer,modified,creator) VALUES (24,13,'{\"variant\":\"3D\"}','{Variant}',NOW(),2);
INSERT INTO variant (vid,quizID,param,variantanswer,modified,creator) VALUES (25,14,'{\"tal\":\"129\"}','{"danswer":\"10000001 8 1\"}',NOW(),2);
INSERT INTO variant (vid,quizID,param,variantanswer,modified,creator) VALUES (26,15,'{\"variant\":\"Boxmodell\"}','{Variant}',NOW(),2);
INSERT INTO variant (vid,quizID,param,variantanswer,modified,creator) VALUES (27,16,'{\"target\":\"test.png\"}','{Variant}',NOW(),2);
INSERT INTO variant (vid,quizID,param,variantanswer,modified,creator) VALUES (28,17,'{\"color\":\"green\",\"colorname\":\"Grön\"}','{Variant}',NOW(),2);
INSERT INTO variant (vid,quizID,param,variantanswer,modified,creator) VALUES (29,18,'{\"variant\":\"Contribution\"}','{Variant}',NOW(),2);
INSERT INTO variant (vid,quizID,param,variantanswer,modified,creator) VALUES (30,19,'{\"linje\":\"10,30,19 20 40 20 50 30 50,81 65 50\"}','{Variant}',NOW(),2);
INSERT INTO variant (vid,quizID,param,variantanswer,modified,creator) VALUES (31,20,'{\"variant\":\"Daily Minutes\"}','{Variant}',NOW(),2);
INSERT INTO variant (vid,quizID,param,variantanswer,modified,creator) VALUES (32,21,'{\"variant\":\"Diagram\"}','{Variant}',NOW(),2);
INSERT INTO variant (vid,quizID,param,variantanswer,modified,creator) VALUES (33,22,'{\"tal\":\"127\"}','{"danswer":\"01111111 7 F\"}',NOW(),2);
INSERT INTO variant (vid,quizID,param,variantanswer,modified,creator) VALUES (34,23,'{\"color\":\"yellow\",\"colorname\":\"Gul\"}','{Variant}',NOW(),2);
INSERT INTO variant (vid,quizID,param,variantanswer,modified,creator) VALUES (35,24,'{\"linje\":\"10,30,81 10 20,81 65 10,63 20 30 75 35,19 30 60 75 70 50 35,19 100 10 85 95 45 50,19 40 40 50 40 15 55,63 10 60 10 50,81 20 30\"}','{Variant}',NOW(),2);
INSERT INTO variant (vid,quizID,param,variantanswer,modified,creator) VALUES (36,25,'{\"target\":\"test.png\"}','{Variant}',NOW(),2);
INSERT INTO variant (vid,quizID,param,variantanswer,modified,creator) VALUES (37,26,'{\"variant\":\"Dugga 5\"}','{Variant}',NOW(),2);
INSERT INTO variant (vid,quizID,param,variantanswer,modified,creator) VALUES (38,27,'{\"variant\":\"Dugga 6\"}','{Variant}',NOW(),2);
INSERT INTO variant (vid,quizID,param,variantanswer,modified,creator) VALUES (39,28,'{\"variant\":\"Feedback\"}','{Variant}',NOW(),2);
INSERT INTO variant (vid,quizID,param,modified,creator) VALUES (40,29,'{"type":"md","filelink":"duggainstruction.md", "submissions":[{"fieldname":"SubmissionText","type":"text", "instruction":"Type in your submission. Only text is allowed."}]}',NOW(),2);
INSERT INTO variant (vid,quizID,param,variantanswer,modified,creator) VALUES (41,30,'{\"variant\":\"Group assignment\"}','{Variant}',NOW(),2);
INSERT INTO variant (vid,quizID,param,variantanswer,modified,creator) VALUES (42,31,'{\"instructions\" : \"Målet med denna duggan är att du skall skapa den html- och css-kod som krävs för att återskapa det du ser i target-fönstret.\", \"target\" : \"cssdugga-site-1.png\", \"target-text\" : \"1) Skall tåla att storleken på skärmen påverkas. 2) Sidan får inte bli mindre i x-led än att alla knappar,Sture 1-5, i #eilert syns. 3) Endast span-element i body skall användas, Inga andra placeholder-element ellerövriga container-element är tillåtna 4) Float får ej användas 5) html och css skall klara validering 6) Internal css style skall användas\"}','{Variant}',NOW(),2);
INSERT INTO variant (vid,quizID,param,variantanswer,modified,creator) VALUES (43,32,'{\"variant\":\"HTML CSS Dugga Light\"}','{Variant}',NOW(),2);
INSERT INTO variant (vid,quizID,param,variantanswer,modified,creator) VALUES (44,33,'{\"variant\":\"Kryss\"}','{Variant}',NOW(),2);
INSERT INTO variant (vid,quizID,param,variantanswer,modified,creator) VALUES (45,34,'{\"variant\":\"Placeholder\"}','{Variant}',NOW(),2);
INSERT INTO variant (vid,quizID,param,variantanswer,modified,creator) VALUES (46,35,'{\"variant\":\"Shapes\"}','{Variant}',NOW(),2);
INSERT INTO variant (vid,quizID,param,variantanswer,modified,creator) VALUES (47,36,'{\"variant\":\"Transforms\"}','{Variant}',NOW(),2);
INSERT INTO variant (vid,quizID,param,variantanswer,modified,creator) VALUES (48,37,'{\"variant\":\"XMLAPI Report\"}','{Variant}',NOW(),2);
INSERT INTO variant (vid,quizID,param,variantanswer,modified,creator) VALUES (49,38,'{\"variant\":\"Seminar\"}','{Variant}',NOW(),2);

INSERT INTO userAnswer (aid,cid,quiz,variant,moment,grade,uid,useranswer,submitted,marked,vers,creator,score,timesGraded,timeUsed,totalTimeUsed,stepsUsed,totalStepsUsed,feedback,gradeExpire,gradeLastExported,seen_status,hash,password, timesSubmitted, timesAccessed) 
VALUES ('83','1894','13','24','3002',NULL,NULL,NULL,'2022-05-09 14:17:02',NULL,'52432',NULL,NULL,0,NULL,'0',NULL,'0',NULL,NULL,NULL,'0','99889603','b76870af','3','3');
INSERT INTO userAnswer (aid,cid,quiz,variant,moment,grade,uid,useranswer,submitted,marked,vers,creator,score,timesGraded,timeUsed,totalTimeUsed,stepsUsed,totalStepsUsed,feedback,gradeExpire,gradeLastExported,seen_status,hash,password, timesSubmitted, timesAccessed) 
VALUES ('84','1894','14','25','3003',NULL,NULL,NULL,'2022-05-09 14:17:02',NULL,'52432',NULL,NULL,0,NULL,'0',NULL,'0',NULL,NULL,NULL,'0','99889604','b76870b0','3','3');
INSERT INTO userAnswer (aid,cid,quiz,variant,moment,grade,uid,useranswer,submitted,marked,vers,creator,score,timesGraded,timeUsed,totalTimeUsed,stepsUsed,totalStepsUsed,feedback,gradeExpire,gradeLastExported,seen_status,hash,password, timesSubmitted, timesAccessed) 
VALUES ('85','1894','15','26','3004',NULL,NULL,NULL,'2022-05-09 14:17:02',NULL,'52432',NULL,NULL,0,NULL,'0',NULL,'0',NULL,NULL,NULL,'0','99889605','b76870b1','3','3');
INSERT INTO userAnswer (aid,cid,quiz,variant,moment,grade,uid,useranswer,submitted,marked,vers,creator,score,timesGraded,timeUsed,totalTimeUsed,stepsUsed,totalStepsUsed,feedback,gradeExpire,gradeLastExported,seen_status,hash,password, timesSubmitted, timesAccessed) 
VALUES ('86','1894','16','27','3005',NULL,NULL,NULL,'2022-05-09 14:17:02',NULL,'52432',NULL,NULL,0,NULL,'0',NULL,'0',NULL,NULL,NULL,'0','99889606','b76870b2','3','3');
INSERT INTO userAnswer (aid,cid,quiz,variant,moment,grade,uid,useranswer,submitted,marked,vers,creator,score,timesGraded,timeUsed,totalTimeUsed,stepsUsed,totalStepsUsed,feedback,gradeExpire,gradeLastExported,seen_status,hash,password, timesSubmitted, timesAccessed) 
VALUES ('87','1894','17','28','3006',NULL,NULL,NULL,'2022-05-09 14:17:02',NULL,'52432',NULL,NULL,0,NULL,'0',NULL,'0',NULL,NULL,NULL,'0','99889607','b76870b3','3','3');

INSERT INTO userAnswer (aid,cid,quiz,variant,moment,grade,uid,useranswer,submitted,marked,vers,creator,score,timesGraded,timeUsed,totalTimeUsed,stepsUsed,totalStepsUsed,feedback,gradeExpire,gradeLastExported,seen_status,hash,password, timesSubmitted, timesAccessed) 
VALUES ('88','1894','18','29','3007',NULL,NULL,NULL,'2022-05-09 14:17:02',NULL,'52432',NULL,NULL,0,NULL,'0',NULL,'0',NULL,NULL,NULL,'0','99889608','b76870b4','3','3');
INSERT INTO userAnswer (aid,cid,quiz,variant,moment,grade,uid,useranswer,submitted,marked,vers,creator,score,timesGraded,timeUsed,totalTimeUsed,stepsUsed,totalStepsUsed,feedback,gradeExpire,gradeLastExported,seen_status,hash,password, timesSubmitted, timesAccessed) 
VALUES ('89','1894','19','30','3008',NULL,NULL,NULL,'2022-05-09 14:17:02',NULL,'52432',NULL,NULL,0,NULL,'0',NULL,'0',NULL,NULL,NULL,'0','99889609','b76870b5','3','3');
INSERT INTO userAnswer (aid,cid,quiz,variant,moment,grade,uid,useranswer,submitted,marked,vers,creator,score,timesGraded,timeUsed,totalTimeUsed,stepsUsed,totalStepsUsed,feedback,gradeExpire,gradeLastExported,seen_status,hash,password, timesSubmitted, timesAccessed) 
VALUES ('90','1894','20','31','3009',NULL,NULL,NULL,'2022-05-09 14:17:02',NULL,'52432',NULL,NULL,0,NULL,'0',NULL,'0',NULL,NULL,NULL,'0','9988960A','b76870b6','3','3');
INSERT INTO userAnswer (aid,cid,quiz,variant,moment,grade,uid,useranswer,submitted,marked,vers,creator,score,timesGraded,timeUsed,totalTimeUsed,stepsUsed,totalStepsUsed,feedback,gradeExpire,gradeLastExported,seen_status,hash,password, timesSubmitted, timesAccessed) 
VALUES ('91','1894','21','32','3010',NULL,NULL,NULL,'2022-05-09 14:17:02',NULL,'52432',NULL,NULL,0,NULL,'0',NULL,'0',NULL,NULL,NULL,'0','9988960B','b76870b7','3','3');
INSERT INTO userAnswer (aid,cid,quiz,variant,moment,grade,uid,useranswer,submitted,marked,vers,creator,score,timesGraded,timeUsed,totalTimeUsed,stepsUsed,totalStepsUsed,feedback,gradeExpire,gradeLastExported,seen_status,hash,password, timesSubmitted, timesAccessed) 
VALUES ('92','1894','22','33','3011',NULL,NULL,NULL,'2022-05-09 14:17:02',NULL,'52432',NULL,NULL,0,NULL,'0',NULL,'0',NULL,NULL,NULL,'0','9988960C','b76870b8','3','3');

INSERT INTO userAnswer (aid,cid,quiz,variant,moment,grade,uid,useranswer,submitted,marked,vers,creator,score,timesGraded,timeUsed,totalTimeUsed,stepsUsed,totalStepsUsed,feedback,gradeExpire,gradeLastExported,seen_status,hash,password, timesSubmitted, timesAccessed) 
VALUES ('93','1894','23','34','3012',NULL,NULL,NULL,'2022-05-09 14:17:02',NULL,'52432',NULL,NULL,0,NULL,'0',NULL,'0',NULL,NULL,NULL,'0','9988960D','b76870b9','3','3');
INSERT INTO userAnswer (aid,cid,quiz,variant,moment,grade,uid,useranswer,submitted,marked,vers,creator,score,timesGraded,timeUsed,totalTimeUsed,stepsUsed,totalStepsUsed,feedback,gradeExpire,gradeLastExported,seen_status,hash,password, timesSubmitted, timesAccessed) 
VALUES ('94','1894','24','35','3013',NULL,NULL,NULL,'2022-05-09 14:17:02',NULL,'52432',NULL,NULL,0,NULL,'0',NULL,'0',NULL,NULL,NULL,'0','9988960E','b76870bA','3','3');
INSERT INTO userAnswer (aid,cid,quiz,variant,moment,grade,uid,useranswer,submitted,marked,vers,creator,score,timesGraded,timeUsed,totalTimeUsed,stepsUsed,totalStepsUsed,feedback,gradeExpire,gradeLastExported,seen_status,hash,password, timesSubmitted, timesAccessed) 
VALUES ('95','1894','25','36','3014',NULL,NULL,NULL,'2022-05-09 14:17:02',NULL,'52432',NULL,NULL,0,NULL,'0',NULL,'0',NULL,NULL,NULL,'0','9988960F','b76870bB','3','3');
INSERT INTO userAnswer (aid,cid,quiz,variant,moment,grade,uid,useranswer,submitted,marked,vers,creator,score,timesGraded,timeUsed,totalTimeUsed,stepsUsed,totalStepsUsed,feedback,gradeExpire,gradeLastExported,seen_status,hash,password, timesSubmitted, timesAccessed) 
VALUES ('96','1894','26','37','3015',NULL,NULL,NULL,'2022-05-09 14:17:02',NULL,'52432',NULL,NULL,0,NULL,'0',NULL,'0',NULL,NULL,NULL,'0','99889610','b76870bC','3','3');
INSERT INTO userAnswer (aid,cid,quiz,variant,moment,grade,uid,useranswer,submitted,marked,vers,creator,score,timesGraded,timeUsed,totalTimeUsed,stepsUsed,totalStepsUsed,feedback,gradeExpire,gradeLastExported,seen_status,hash,password, timesSubmitted, timesAccessed) 
VALUES ('97','1894','27','38','3016',NULL,NULL,NULL,'2022-05-09 14:17:02',NULL,'52432',NULL,NULL,0,NULL,'0',NULL,'0',NULL,NULL,NULL,'0','99889611','b76870bD','3','3');

INSERT INTO userAnswer (aid,cid,quiz,variant,moment,grade,uid,useranswer,submitted,marked,vers,creator,score,timesGraded,timeUsed,totalTimeUsed,stepsUsed,totalStepsUsed,feedback,gradeExpire,gradeLastExported,seen_status,hash,password, timesSubmitted, timesAccessed) 
VALUES ('98','1894','28','39','3017',NULL,NULL,NULL,'2022-05-09 14:17:02',NULL,'52432',NULL,NULL,0,NULL,'0',NULL,'0',NULL,NULL,NULL,'0','99889612','b76870Be','3','3');
INSERT INTO userAnswer (aid,cid,quiz,variant,moment,grade,uid,useranswer,submitted,marked,vers,creator,score,timesGraded,timeUsed,totalTimeUsed,stepsUsed,totalStepsUsed,feedback,gradeExpire,gradeLastExported,seen_status,hash,password, timesSubmitted, timesAccessed) 
VALUES ('99','1894','29','40','3018',NULL,NULL,'1894 52432 3018 Submitted,T 0 1440 900 1440 738','2022-05-09 14:17:02',NULL,'52432',NULL,NULL,0,NULL,'0',NULL,'0',NULL,NULL,NULL,'0','99889613','b76870bF','3','3');
INSERT INTO userAnswer (aid,cid,quiz,variant,moment,grade,uid,useranswer,submitted,marked,vers,creator,score,timesGraded,timeUsed,totalTimeUsed,stepsUsed,totalStepsUsed,feedback,gradeExpire,gradeLastExported,seen_status,hash,password, timesSubmitted, timesAccessed) 
VALUES ('100','1894','30','41','3019',NULL,NULL,NULL,'2022-05-09 14:17:02',NULL,'52432',NULL,NULL,0,NULL,'0',NULL,'0',NULL,NULL,NULL,'0','99889614','b76870c0','3','3');
INSERT INTO userAnswer (aid,cid,quiz,variant,moment,grade,uid,useranswer,submitted,marked,vers,creator,score,timesGraded,timeUsed,totalTimeUsed,stepsUsed,totalStepsUsed,feedback,gradeExpire,gradeLastExported,seen_status,hash,password, timesSubmitted, timesAccessed) 
VALUES ('101','1894','31','42','3020',NULL,NULL,NULL,'2022-05-09 14:17:02',NULL,'52432',NULL,NULL,0,NULL,'0',NULL,'0',NULL,NULL,NULL,'0','99889615','b76870c1','3','3');
INSERT INTO userAnswer (aid,cid,quiz,variant,moment,grade,uid,useranswer,submitted,marked,vers,creator,score,timesGraded,timeUsed,totalTimeUsed,stepsUsed,totalStepsUsed,feedback,gradeExpire,gradeLastExported,seen_status,hash,password, timesSubmitted, timesAccessed) 
VALUES ('102','1894','32','43','3021',NULL,NULL,NULL,'2022-05-09 14:17:02',NULL,'52432',NULL,NULL,0,NULL,'0',NULL,'0',NULL,NULL,NULL,'0','99889616','b76870c2','3','3');

INSERT INTO userAnswer (aid,cid,quiz,variant,moment,grade,uid,useranswer,submitted,marked,vers,creator,score,timesGraded,timeUsed,totalTimeUsed,stepsUsed,totalStepsUsed,feedback,gradeExpire,gradeLastExported,seen_status,hash,password, timesSubmitted, timesAccessed) 
VALUES ('103','1894','33','44','3022',NULL,NULL,NULL,'2022-05-09 14:17:02',NULL,'52432',NULL,NULL,0,NULL,'0',NULL,'0',NULL,NULL,NULL,'0','99889617','b76870c3','3','3');
INSERT INTO userAnswer (aid,cid,quiz,variant,moment,grade,uid,useranswer,submitted,marked,vers,creator,score,timesGraded,timeUsed,totalTimeUsed,stepsUsed,totalStepsUsed,feedback,gradeExpire,gradeLastExported,seen_status,hash,password, timesSubmitted, timesAccessed) 
VALUES ('104','1894','34','45','3023',NULL,NULL,NULL,'2022-05-09 14:17:02',NULL,'52432',NULL,NULL,0,NULL,'0',NULL,'0',NULL,NULL,NULL,'0','99889618','b76870c4','3','3');
INSERT INTO userAnswer (aid,cid,quiz,variant,moment,grade,uid,useranswer,submitted,marked,vers,creator,score,timesGraded,timeUsed,totalTimeUsed,stepsUsed,totalStepsUsed,feedback,gradeExpire,gradeLastExported,seen_status,hash,password, timesSubmitted, timesAccessed) 
VALUES ('105','1894','35','46','3024',NULL,NULL,NULL,'2022-05-09 14:17:02',NULL,'52432',NULL,NULL,0,NULL,'0',NULL,'0',NULL,NULL,NULL,'0','99889619','b76870c5','3','3');
INSERT INTO userAnswer (aid,cid,quiz,variant,moment,grade,uid,useranswer,submitted,marked,vers,creator,score,timesGraded,timeUsed,totalTimeUsed,stepsUsed,totalStepsUsed,feedback,gradeExpire,gradeLastExported,seen_status,hash,password, timesSubmitted, timesAccessed) 
VALUES ('106','1894','36','47','3025',NULL,NULL,NULL,'2022-05-09 14:17:02',NULL,'52432',NULL,NULL,0,NULL,'0',NULL,'0',NULL,NULL,NULL,'0','9988961A','b76870c6','3','3');
INSERT INTO userAnswer (aid,cid,quiz,variant,moment,grade,uid,useranswer,submitted,marked,vers,creator,score,timesGraded,timeUsed,totalTimeUsed,stepsUsed,totalStepsUsed,feedback,gradeExpire,gradeLastExported,seen_status,hash,password, timesSubmitted, timesAccessed) 
VALUES ('107','1894','37','48','3026',NULL,NULL,NULL,'2022-05-09 14:17:02',NULL,'52432',NULL,NULL,0,NULL,'0',NULL,'0',NULL,NULL,NULL,'0','9988961B','b76870c7','3','3');
INSERT INTO userAnswer (aid,cid,quiz,variant,moment,grade,uid,useranswer,submitted,marked,vers,creator,score,timesGraded,timeUsed,totalTimeUsed,stepsUsed,totalStepsUsed,feedback,gradeExpire,gradeLastExported,seen_status,hash,password, timesSubmitted, timesAccessed) 
VALUES ('108','1894','38','49','3027',NULL,NULL,NULL,'2022-05-09 14:17:02',NULL,'52432',NULL,NULL,0,NULL,'0',NULL,'0',NULL,NULL,NULL,'0','9988961C','b76870c8','3','3');