/* use script like this to insert testdata. Do not have inserts in the script to create the database..*/

/* START duggasys test data START */
/* Insert test users */
/* All users have password:'password' */
-- No Course --
INSERT INTO user (uid,username,firstname,lastname,ssn,password,creator,email,securityquestion,securityquestionanswer) VALUES (1010,'c92cober','Conny','Berg Czarnecki','19920404-4522','$2y$10$qGYP1gTTr7SG5/WbRlxCm.1tPmmZonKSYlAJaLj00pBEAJxyeKtI2','1','c92cober@student.his.se','what is Toddlers Password?','$2y$10$haOR5Mw2Ay1onfxODcDp.OcSeA1yPUH6C56qlzuvzKNSucGtbTA2i');
INSERT INTO user (uid,username,firstname,lastname,ssn,password,creator,email,securityquestion,securityquestionanswer) VALUES (2020,'a87antal','Ann-Marie','Tallström','19871116-7384','$2y$10$qGYP1gTTr7SG5/WbRlxCm.1tPmmZonKSYlAJaLj00pBEAJxyeKtI2','1','a87antal@student.his.se','what is Toddlers Password? ','$2y$10$haOR5Mw2Ay1onfxODcDp.OcSeA1yPUH6C56qlzuvzKNSucGtbTA2i');
INSERT INTO user (uid,username,firstname,lastname,ssn,password,creator,email,securityquestion,securityquestionanswer) VALUES (3030,'a72ashal','Åsa','Hällsjö','19721224-5582','$2y$10$qGYP1gTTr7SG5/WbRlxCm.1tPmmZonKSYlAJaLj00pBEAJxyeKtI2','1','a72ashal@student.his.se','what is Toddlers Password? ','$2y$10$haOR5Mw2Ay1onfxODcDp.OcSeA1yPUH6C56qlzuvzKNSucGtbTA2i');
INSERT INTO user (uid,username,firstname,lastname,ssn,password,creator,email,securityquestion,securityquestionanswer) VALUES (4040,'a92albri','Alex','Bridgeman','19920404-0404','$2y$10$qGYP1gTTr7SG5/WbRlxCm.1tPmmZonKSYlAJaLj00pBEAJxyeKtI2','1','a92albri@student.his.se','what is Toddlers Password? ','$2y$10$haOR5Mw2Ay1onfxODcDp.OcSeA1yPUH6C56qlzuvzKNSucGtbTA2i');
INSERT INTO user (uid,username,firstname,lastname,ssn,password,creator,email,securityquestion,securityquestionanswer) VALUES (5050,'e93evkos','Eva','Koskinen','19930505-0505','$2y$10$qGYP1gTTr7SG5/WbRlxCm.1tPmmZonKSYlAJaLj00pBEAJxyeKtI2','1','e93evkos@student.his.se','what is Toddlers Password? ','$2y$10$haOR5Mw2Ay1onfxODcDp.OcSeA1yPUH6C56qlzuvzKNSucGtbTA2i');
INSERT INTO user (uid,username,firstname,lastname,ssn,password,creator,email,securityquestion,securityquestionanswer) VALUES (6060,'s94sveri','Sven','Eriksson','19940606-0606','$2y$10$qGYP1gTTr7SG5/WbRlxCm.1tPmmZonKSYlAJaLj00pBEAJxyeKtI2','1','s94sveri@student.his.se','what is Toddlers Password? ','$2y$10$haOR5Mw2Ay1onfxODcDp.OcSeA1yPUH6C56qlzuvzKNSucGtbTA2i');
INSERT INTO user (uid,username,firstname,lastname,ssn,password,creator,email,securityquestion,securityquestionanswer) VALUES (7070,'s92sveri','Sven','Eriksson','19920707-0707','$2y$10$qGYP1gTTr7SG5/WbRlxCm.1tPmmZonKSYlAJaLj00pBEAJxyeKtI2','1','s92sveri@student.his.se','what is Toddlers Password? ','$2y$10$haOR5Mw2Ay1onfxODcDp.OcSeA1yPUH6C56qlzuvzKNSucGtbTA2i');
INSERT INTO user (uid,username,firstname,lastname,ssn,password,creator,email,securityquestion,securityquestionanswer) VALUES (8080,'k90kakli','Karl','Klint','19900808-0808','$2y$10$qGYP1gTTr7SG5/WbRlxCm.1tPmmZonKSYlAJaLj00pBEAJxyeKtI2','1','k90kakli@student.his.se','what is Toddlers Password? ','$2y$10$haOR5Mw2Ay1onfxODcDp.OcSeA1yPUH6C56qlzuvzKNSucGtbTA2i');
INSERT INTO user (uid,username,firstname,lastname,ssn,password,creator,email,securityquestion,securityquestionanswer) VALUES (9090,'s91stcar','Stina','Carlsson','19910909-0909','$2y$10$qGYP1gTTr7SG5/WbRlxCm.1tPmmZonKSYlAJaLj00pBEAJxyeKtI2','1','s91stcar@student.his.se','what is Toddlers Password? ','$2y$10$haOR5Mw2Ay1onfxODcDp.OcSeA1yPUH6C56qlzuvzKNSucGtbTA2i');
INSERT INTO user (uid,username,firstname,lastname,ssn,password,creator,email,securityquestion,securityquestionanswer) VALUES (1111,'b94brbro','Brick','Brock','19941022-2925','$2y$10$qGYP1gTTr7SG5/WbRlxCm.1tPmmZonKSYlAJaLj00pBEAJxyeKtI2','1','b94brbro@student.his.se','what is Toddlers Password? ','$2y$10$haOR5Mw2Ay1onfxODcDp.OcSeA1yPUH6C56qlzuvzKNSucGtbTA2i');
INSERT INTO user (uid,username,firstname,lastname,ssn,password,creator,email,securityquestion,securityquestionanswer) VALUES (1212,'c94chcha','Chevy','Chase','19431008-6935','$2y$10$qGYP1gTTr7SG5/WbRlxCm.1tPmmZonKSYlAJaLj00pBEAJxyeKtI2','1','c43chcha@student.his.se','what is Toddlers Password? ','$2y$10$haOR5Mw2Ay1onfxODcDp.OcSeA1yPUH6C56qlzuvzKNSucGtbTA2i');
INSERT INTO user (uid,username,firstname,lastname,ssn,password,creator,email,securityquestion,securityquestionanswer) VALUES (1313,'h94haste','Hanna','Sten','19890708-2535','$2y$10$qGYP1gTTr7SG5/WbRlxCm.1tPmmZonKSYlAJaLj00pBEAJxyeKtI2','1','h89haste@student.his.se','what is Toddlers Password? ','$2y$10$haOR5Mw2Ay1onfxODcDp.OcSeA1yPUH6C56qlzuvzKNSucGtbTA2i');
INSERT INTO user (uid,username,firstname,lastname,ssn,password,creator,email,securityquestion,securityquestionanswer) VALUES (1414,'l94lewal','Leif','Wallberg','19890813-2435','$2y$10$qGYP1gTTr7SG5/WbRlxCm.1tPmmZonKSYlAJaLj00pBEAJxyeKtI2','1','l89lewal@student.his.se','what is Toddlers Password? ','$2y$10$haOR5Mw2Ay1onfxODcDp.OcSeA1yPUH6C56qlzuvzKNSucGtbTA2i');
INSERT INTO user (uid,username,firstname,lastname,ssn,password,creator,email,securityquestion,securityquestionanswer) VALUES (1515,'j94jojoh','Johan','Johansson','19870427-6635','$2y$10$qGYP1gTTr7SG5/WbRlxCm.1tPmmZonKSYlAJaLj00pBEAJxyeKtI2','1','j87jojoh@student.his.se','what is Toddlers Password? ','$2y$10$haOR5Mw2Ay1onfxODcDp.OcSeA1yPUH6C56qlzuvzKNSucGtbTA2i');
INSERT INTO user (uid,username,firstname,lastname,ssn,password,creator,email,securityquestion,securityquestionanswer) VALUES (1616,'a94anjoh','Anita','Johansson','19830617-6654','$2y$10$qGYP1gTTr7SG5/WbRlxCm.1tPmmZonKSYlAJaLj00pBEAJxyeKtI2','1','a83anjoh@student.his.se','what is Toddlers Password? ','$2y$10$haOR5Mw2Ay1onfxODcDp.OcSeA1yPUH6C56qlzuvzKNSucGtbTA2i');
INSERT INTO user (uid,username,firstname,lastname,ssn,password,creator,email,securityquestion,securityquestionanswer) VALUES (1717,'b94bejoh','Berit','Johansson','19900412-2554','$2y$10$qGYP1gTTr7SG5/WbRlxCm.1tPmmZonKSYlAJaLj00pBEAJxyeKtI2','1','b90bejoh@student.his.se','what is Toddlers Password? ','$2y$10$haOR5Mw2Ay1onfxODcDp.OcSeA1yPUH6C56qlzuvzKNSucGtbTA2i');
-- DVSUG --
INSERT INTO user (uid,username,firstname,lastname,ssn,password,email,securityquestion,securityquestionanswer,class) VALUES (216,'a99marjo','Maria','Johansson','19990101-0001','$2y$10$qGYP1gTTr7SG5/WbRlxCm.1tPmmZonKSYlAJaLj00pBEAJxyeKtI2','a99marjo@student.his.se','what is Toddlers Password? ','$2y$10$haOR5Mw2Ay1onfxODcDp.OcSeA1yPUH6C56qlzuvzKNSucGtbTA2i','DVSUG13h');
INSERT INTO user (uid,username,firstname,lastname,ssn,password,email,securityquestion,securityquestionanswer,class) VALUES (217,'a99erijo','Erik','Johansson','19990101-0002','$2y$10$qGYP1gTTr7SG5/WbRlxCm.1tPmmZonKSYlAJaLj00pBEAJxyeKtI2','a99erijo@student.his.se','what is Toddlers Password? ','$2y$10$haOR5Mw2Ay1onfxODcDp.OcSeA1yPUH6C56qlzuvzKNSucGtbTA2i','DVSUG13h');
INSERT INTO user (uid,username,firstname,lastname,ssn,password,email,securityquestion,securityquestionanswer,class) VALUES (218,'a99annan','Anna','Andersson','19990101-0003','$2y$10$qGYP1gTTr7SG5/WbRlxCm.1tPmmZonKSYlAJaLj00pBEAJxyeKtI2','a99annan@student.his.se','what is Toddlers Password? ','$2y$10$haOR5Mw2Ay1onfxODcDp.OcSeA1yPUH6C56qlzuvzKNSucGtbTA2i','DVSUG13h');
INSERT INTO user (uid,username,firstname,lastname,ssn,password,email,securityquestion,securityquestionanswer,class) VALUES (219,'a99laran','Lars','Andersson','19990101-0004','$2y$10$qGYP1gTTr7SG5/WbRlxCm.1tPmmZonKSYlAJaLj00pBEAJxyeKtI2','a99laran@student.his.se','what is Toddlers Password? ','$2y$10$haOR5Mw2Ay1onfxODcDp.OcSeA1yPUH6C56qlzuvzKNSucGtbTA2i','DVSUG13h');
INSERT INTO user (uid,username,firstname,lastname,ssn,password,email,securityquestion,securityquestionanswer,class) VALUES (220,'a99karka','Karl','Karlsson','19990101-0005','$2y$10$qGYP1gTTr7SG5/WbRlxCm.1tPmmZonKSYlAJaLj00pBEAJxyeKtI2','a99karka@student.his.se','what is Toddlers Password? ','$2y$10$haOR5Mw2Ay1onfxODcDp.OcSeA1yPUH6C56qlzuvzKNSucGtbTA2i','DVSUG13h');
INSERT INTO user (uid,username,firstname,lastname,ssn,password,email,securityquestion,securityquestionanswer,class) VALUES (231,'a99oloja','Olof','Jansson','19990101-0016','$2y$10$qGYP1gTTr7SG5/WbRlxCm.1tPmmZonKSYlAJaLj00pBEAJxyeKtI2','a99oloja@student.his.se','what is Toddlers Password? ','$2y$10$haOR5Mw2Ay1onfxODcDp.OcSeA1yPUH6C56qlzuvzKNSucGtbTA2i','DVSUG13h');
INSERT INTO user (uid,username,firstname,lastname,ssn,password,email,securityquestion,securityquestionanswer,class) VALUES (232,'a99linja','Linnéa','Jansson','19990101-0017','$2y$10$qGYP1gTTr7SG5/WbRlxCm.1tPmmZonKSYlAJaLj00pBEAJxyeKtI2','a99linja@student.his.se','what is Toddlers Password? ','$2y$10$haOR5Mw2Ay1onfxODcDp.OcSeA1yPUH6C56qlzuvzKNSucGtbTA2i','DVSUG13h');
INSERT INTO user (uid,username,firstname,lastname,ssn,password,email,securityquestion,securityquestionanswer,class) VALUES (233,'a99petha','Peter','Hansson','19990101-0018','$2y$10$qGYP1gTTr7SG5/WbRlxCm.1tPmmZonKSYlAJaLj00pBEAJxyeKtI2','a99petha@student.his.se','what is Toddlers Password? ','$2y$10$haOR5Mw2Ay1onfxODcDp.OcSeA1yPUH6C56qlzuvzKNSucGtbTA2i','DVSUG13h');
INSERT INTO user (uid,username,firstname,lastname,ssn,password,email,securityquestion,securityquestionanswer,class) VALUES (234,'a99gunbe','Gunnar','Bengtsson','19990101-0019' ,'$2y$10$qGYP1gTTr7SG5/WbRlxCm.1tPmmZonKSYlAJaLj00pBEAJxyeKtI2','a99gunbe@student.his.se','what is Toddlers Password? ','$2y$10$haOR5Mw2Ay1onfxODcDp.OcSeA1yPUH6C56qlzuvzKNSucGtbTA2i','DVSUG13h');
INSERT INTO user (uid,username,firstname,lastname,ssn,password,email,securityquestion,securityquestionanswer,class) VALUES (235,'a99kerbe','Kerstin','Bengtsson','19990101-0020','$2y$10$qGYP1gTTr7SG5/WbRlxCm.1tPmmZonKSYlAJaLj00pBEAJxyeKtI2','a99kerbe@student.his.se','what is Toddlers Password? ','$2y$10$haOR5Mw2Ay1onfxODcDp.OcSeA1yPUH6C56qlzuvzKNSucGtbTA2i','DVSUG13h');
-- WEBUG13h --
INSERT INTO user (uid,username,firstname,lastname,ssn,password,email,securityquestion,securityquestionanswer, class) VALUES (221,'a99marka','Margareta','Karlsson','19990101-0006','$2y$10$qGYP1gTTr7SG5/WbRlxCm.1tPmmZonKSYlAJaLj00pBEAJxyeKtI2','a99marka@student.his.se','what is Toddlers Password? ','$2y$10$haOR5Mw2Ay1onfxODcDp.OcSeA1yPUH6C56qlzuvzKNSucGtbTA2i','WEBUG13h');
INSERT INTO user (uid,username,firstname,lastname,ssn,password,email,securityquestion,securityquestionanswer, class) VALUES (222,'a99elini','Elisabet','Nilsson','19990101-0007','$2y$10$qGYP1gTTr7SG5/WbRlxCm.1tPmmZonKSYlAJaLj00pBEAJxyeKtI2','a99elini@student.his.se','what is Toddlers Password? ','$2y$10$haOR5Mw2Ay1onfxODcDp.OcSeA1yPUH6C56qlzuvzKNSucGtbTA2i','WEBUG13h');
INSERT INTO user (uid,username,firstname,lastname,ssn,password,email,securityquestion,securityquestionanswer, class) VALUES (223,'a99andni','Anders','Nilsson','19990101-0008','$2y$10$qGYP1gTTr7SG5/WbRlxCm.1tPmmZonKSYlAJaLj00pBEAJxyeKtI2','a99andni@student.his.se','what is Toddlers Password? ','$2y$10$haOR5Mw2Ay1onfxODcDp.OcSeA1yPUH6C56qlzuvzKNSucGtbTA2i','WEBUG13h');
INSERT INTO user (uid,username,firstname,lastname,ssn,password,email,securityquestion,securityquestionanswer, class) VALUES (224,'a99evaer','Eva','Eriksson','19990101-0009','$2y$10$qGYP1gTTr7SG5/WbRlxCm.1tPmmZonKSYlAJaLj00pBEAJxyeKtI2','a99evaer@student.his.se','what is Toddlers Password? ','$2y$10$haOR5Mw2Ay1onfxODcDp.OcSeA1yPUH6C56qlzuvzKNSucGtbTA2i','WEBUG13h');
INSERT INTO user (uid,username,firstname,lastname,ssn,password,email,securityquestion,securityquestionanswer, class) VALUES (225,'a99joher','Johan','Eriksson','19990101-0010','$2y$10$qGYP1gTTr7SG5/WbRlxCm.1tPmmZonKSYlAJaLj00pBEAJxyeKtI2','a99joher@student.his.se','what is Toddlers Password? ','$2y$10$haOR5Mw2Ay1onfxODcDp.OcSeA1yPUH6C56qlzuvzKNSucGtbTA2i','WEBUG13h');
-- WEBUG14h --
INSERT INTO user (uid,username,firstname,lastname,ssn,password,email,securityquestion,securityquestionanswer, class) VALUES (226,'a99krila','Kristina','Larsson','19990101-0011','$2y$10$qGYP1gTTr7SG5/WbRlxCm.1tPmmZonKSYlAJaLj00pBEAJxyeKtI2','a99krila@student.his.se','what is Toddlers Password? ','$2y$10$haOR5Mw2Ay1onfxODcDp.OcSeA1yPUH6C56qlzuvzKNSucGtbTA2i','WEBUG14h');
INSERT INTO user (uid,username,firstname,lastname,ssn,password,email,securityquestion,securityquestionanswer, class) VALUES (227,'a99perla','Per','Larsson','19990101-0012','$2y$10$qGYP1gTTr7SG5/WbRlxCm.1tPmmZonKSYlAJaLj00pBEAJxyeKtI2','a99perla@student.his.se','what is Toddlers Password? ','$2y$10$haOR5Mw2Ay1onfxODcDp.OcSeA1yPUH6C56qlzuvzKNSucGtbTA2i','WEBUG14h');
INSERT INTO user (uid,username,firstname,lastname,ssn,password,email,securityquestion,securityquestionanswer, class) VALUES (228,'a99birol','Birgitta','Olsson','19990101-0013','$2y$10$qGYP1gTTr7SG5/WbRlxCm.1tPmmZonKSYlAJaLj00pBEAJxyeKtI2','a99birol@student.his.se','what is Toddlers Password? ','$2y$10$haOR5Mw2Ay1onfxODcDp.OcSeA1yPUH6C56qlzuvzKNSucGtbTA2i','WEBUG14h');
INSERT INTO user (uid,username,firstname,lastname,ssn,password,email,securityquestion,securityquestionanswer, class) VALUES (229,'a99nilol','Nils','Olsson','19990101-0014','$2y$10$qGYP1gTTr7SG5/WbRlxCm.1tPmmZonKSYlAJaLj00pBEAJxyeKtI2','a99nilol@student.his.se','what is Toddlers Password? ','$2y$10$haOR5Mw2Ay1onfxODcDp.OcSeA1yPUH6C56qlzuvzKNSucGtbTA2i','WEBUG14h');
INSERT INTO user (uid,username,firstname,lastname,ssn,password,email,securityquestion,securityquestionanswer, class) VALUES (230,'a99karpe','Karin','Persson','19990101-0015','$2y$10$qGYP1gTTr7SG5/WbRlxCm.1tPmmZonKSYlAJaLj00pBEAJxyeKtI2','a99karpe@student.his.se','what is Toddlers Password? ','$2y$10$haOR5Mw2Ay1onfxODcDp.OcSeA1yPUH6C56qlzuvzKNSucGtbTA2i','WEBUG14h');

/* Teachers */
INSERT INTO user (uid,username,firstname,lastname,ssn,password,email,creator,superuser,securityquestion,securityquestionanswer) VALUES (100,'stei','Joey','Stenhus','340101-0101','$2y$10$qGYP1gTTr7SG5/WbRlxCm.1tPmmZonKSYlAJaLj00pBEAJxyeKtI2','joey.s@his.se',0,1,'what is Toddlers Password? ','$2y$10$haOR5Mw2Ay1onfxODcDp.OcSeA1yPUH6C56qlzuvzKNSucGtbTA2i');
INSERT INTO user (uid,username,firstname,lastname,ssn,password,email,creator,superuser,securityquestion,securityquestionanswer) VALUES (101,'brom','Martin','Brobygge','340101-1232','$2y$10$qGYP1gTTr7SG5/WbRlxCm.1tPmmZonKSYlAJaLj00pBEAJxyeKtI2','martin.b@his.se',0,1,'what is Toddlers Password? ','$2y$10$haOR5Mw2Ay1onfxODcDp.OcSeA1yPUH6C56qlzuvzKNSucGtbTA2i');
INSERT INTO user (uid,username,firstname,lastname,ssn,password,creator,email,securityquestion,securityquestionanswer) VALUES (4,'teacher1','Emma','Lindberg','19770101-1231','$2y$10$qGYP1gTTr7SG5/WbRlxCm.1tPmmZonKSYlAJaLj00pBEAJxyeKtI2','1','teacher1@his.se','what is Toddlers Password? ','$2y$10$haOR5Mw2Ay1onfxODcDp.OcSeA1yPUH6C56qlzuvzKNSucGtbTA2i');
INSERT INTO user (uid,username,firstname,lastname,ssn,password,creator,email,securityquestion,securityquestionanswer) VALUES (5,'teacher2','Lena','Carlsson','19770101-1232','$2y$10$qGYP1gTTr7SG5/WbRlxCm.1tPmmZonKSYlAJaLj00pBEAJxyeKtI2','1','teacher2@his.se','what is Toddlers Password? ','$2y$10$haOR5Mw2Ay1onfxODcDp.OcSeA1yPUH6C56qlzuvzKNSucGtbTA2i');
INSERT INTO user (uid,username,firstname,lastname,ssn,password,creator,email,securityquestion,securityquestionanswer) VALUES (6,'teacher3','Bo','Lindberg','19770101-1233','$2y$10$qGYP1gTTr7SG5/WbRlxCm.1tPmmZonKSYlAJaLj00pBEAJxyeKtI2','1','teacher3@his.se','what is Toddlers Password? ','$2y$10$haOR5Mw2Ay1onfxODcDp.OcSeA1yPUH6C56qlzuvzKNSucGtbTA2i');
INSERT INTO user (uid,username,firstname,lastname,ssn,password,creator,email,securityquestion,securityquestionanswer) VALUES (7,'teacher4','Daniel','Magnusson','19770101-1234','$2y$10$qGYP1gTTr7SG5/WbRlxCm.1tPmmZonKSYlAJaLj00pBEAJxyeKtI2','1','teacher4@his.se','what is Toddlers Password? ','$2y$10$haOR5Mw2Ay1onfxODcDp.OcSeA1yPUH6C56qlzuvzKNSucGtbTA2i');

/* Insert courses */
INSERT INTO course (cid,coursecode,coursename,created,creator,visibility,activeversion,hp) VALUES (1,'DV12G','Webbprogrammering',NOW(),1,1,'45656','7.5');
INSERT INTO course (cid,coursecode,coursename,created,creator,visibility,activeversion,hp) VALUES (2,'IT118G','Webbutveckling - datorgrafik',NOW(),1,1,'97732','7.5');
INSERT INTO course (cid,coursecode,coursename,created,creator,visibility,activeversion,hp) VALUES (3,'IT500G','Datorns grunder',NOW(),1,1,'1337','7.5'); -- Will be empty test course.
INSERT INTO course (cid,coursecode,coursename,created,creator,visibility,activeversion,hp) VALUES (4,'IT301G','Software Engineering',NOW(),1,1,'1338','7.5');
INSERT INTO course (cid,coursecode,coursename,created,creator,visibility,activeversion,hp) VALUES (305,"IT308G","Objektorienterad programmering",NOW(),1,0,12305,7.5);
INSERT INTO course (cid,coursecode,coursename,created,creator,visibility,activeversion,hp) VALUES (307,"IT115G","Datorns grunder",NOW(),1,0,12307,7.5);
INSERT INTO course (cid,coursecode,coursename,created,creator,visibility,activeversion,hp) VALUES (308,"MA161G","Diskret matematik",NOW(),1,0,12308,7.5);
INSERT INTO course (cid,coursecode,coursename,created,creator,visibility,activeversion,hp) VALUES (309,"DA322G","Operativsystem",NOW(),1,0,12309,7.5);
INSERT INTO course (cid,coursecode,coursename,created,creator,visibility,activeversion,hp) VALUES (312,"IT326G","Distribuerade system",NOW(),1,0,12312,7.5);
INSERT INTO course (cid,coursecode,coursename,created,creator,visibility,activeversion,hp) VALUES (319,"DV736A","Examensarbete i datavetenskap",NOW(),1,0,12319,30);
INSERT INTO course (cid,coursecode,coursename,created,creator,visibility,activeversion,hp) VALUES (324,"IT108G","Webbutveckling - webbplatsdesign",NOW(),1,0,12324,7.5);

/* Insert versions of courses (The column vers should be the same as "anmälningskod", number with 5 digts) */
INSERT INTO vers (cid,coursecode,coursename,coursenamealt,vers,versname,startdate,enddate) VALUES (1,'DV12G','Webbprogrammering','UNK','45656','HT15','2014-12-29 00:00:00','2015-03-08 00:00:00');
INSERT INTO vers (cid,coursecode,coursename,coursenamealt,vers,versname,startdate,enddate) VALUES (2,'IT118G','Webbutveckling - datorgrafik','UNK','97732','HT15','2014-12-29 00:00:00','2015-03-08 00:00:00');
INSERT INTO vers (cid,coursecode,coursename,coursenamealt,vers,versname,startdate,enddate) VALUES (2,'IT118G','Webbutveckling - datorgrafik','UNK','97731','HT14','2014-12-29 00:00:00','2015-03-08 00:00:00');
INSERT INTO vers (cid,coursecode,coursename,coursenamealt,vers,versname,startdate,enddate) VALUES (3,'IT500G','Datorns grunder','UNK','1337','HT15','2014-12-29 00:00:00','2015-03-08 00:00:00');
INSERT INTO vers (cid,coursecode,coursename,coursenamealt,vers,versname,startdate,enddate) VALUES (4,'IT301G','Software Engineering','UNK','1338','HT15','2014-12-29 00:00:00','2015-03-08 00:00:00');

INSERT INTO vers (cid,coursecode,coursename,coursenamealt,vers,versname) VALUES (305,"IT308G","Objektorienterad programmering",'UNK','12305','HT15');
INSERT INTO vers (cid,coursecode,coursename,coursenamealt,vers,versname) VALUES (307,"IT115G","Datorns grunder",'UNK','12307','HT15');
INSERT INTO vers (cid,coursecode,coursename,coursenamealt,vers,versname) VALUES (308,"MA161G","Diskret matematik",'UNK','12308','HT15');
INSERT INTO vers (cid,coursecode,coursename,coursenamealt,vers,versname) VALUES (309,"DA322G","Operativsystem",'UNK','12309','HT15');
INSERT INTO vers (cid,coursecode,coursename,coursenamealt,vers,versname) VALUES (312,"IT326G","Distribuerade system",'UNK','12312','HT15');
INSERT INTO vers (cid,coursecode,coursename,coursenamealt,vers,versname) VALUES (319,"DV736A","Examensarbete i datavetenskap",'UNK','12319','HT15');
INSERT INTO vers (cid,coursecode,coursename,coursenamealt,vers,versname) VALUES (324,"IT108G","Webbutveckling - webbplatsdesign",'UNK','12324','HT15');

/* Insert tests */
INSERT INTO quiz (id,cid,autograde,gradesystem,qname,quizFile,qrelease,deadline,modified,creator,vers) VALUES (1,2,1,2,'Bitdugga1','dugga1','2015-01-01 00:00:00','2015-01-30 15:30:00',NOW(),2, "97732");
INSERT INTO quiz (id,cid,autograde,gradesystem,qname,quizFile,qrelease,deadline,modified,creator,vers) VALUES (2,2,1,2,'Bitdugga2','dugga1','2015-01-08 00:00:00','2015-01-25 15:30:00',NOW(),2, "97732");
INSERT INTO quiz (id,cid,autograde,gradesystem,qname,quizFile,qrelease,deadline,modified,creator,vers) VALUES (3,2,1,2,'colordugga1','dugga2','2015-01-01 00:00:00','2015-01-20 15:30:00',NOW(),2, "97732");
INSERT INTO quiz (id,cid,autograde,gradesystem,qname,quizFile,qrelease,deadline,modified,creator,vers) VALUES (4,2,1,2,'colordugga2','dugga2','2015-01-08 00:00:00','2015-01-18 15:30:00',NOW(),2, "97732");
INSERT INTO quiz (id,cid,autograde,gradesystem,qname,quizFile,qrelease,deadline,modified,creator,vers) VALUES (5,2,1,2,'linjedugga1','dugga3','2015-01-01 00:00:00','2015-02-10 15:30:00',NOW(),2, "97732");
INSERT INTO quiz (id,cid,autograde,gradesystem,qname,quizFile,qrelease,deadline,modified,creator,vers) VALUES (6,2,1,2,'linjedugga2','dugga3','2015-01-01 00:00:00','2015-02-15 15:30:00',NOW(),2, "97732");
INSERT INTO quiz (id,cid,autograde,gradesystem,qname,quizFile,qrelease,deadline,modified,creator,vers) VALUES (7,2,1,2,'dugga1','dugga4','2015-01-01 00:00:00','2015-02-05 15:30:00',NOW(),2, "97732");
INSERT INTO quiz (id,cid,autograde,gradesystem,qname,quizFile,qrelease,deadline,modified,creator,vers) VALUES (8,2,1,2,'dugga2','dugga4','2015-02-01 00:00:00','2015-02-20 15:30:00',NOW(),2, "97732");
INSERT INTO quiz (id,cid,autograde,gradesystem,qname,quizFile,qrelease,deadline,modified,creator,vers) VALUES (9,2,1,2,'Quiz','kryss','2015-01-01 00:00:00','2015-02-19 15:30:00',NOW(),2, "97732");
INSERT INTO quiz (id,cid,autograde,gradesystem,qname,quizFile,qrelease,deadline,modified,creator,vers) VALUES (10,2,1,2,'Rapport','generic_dugga_file_receive','2015-01-01 00:00:00','2015-02-19 15:30:00',NOW(),2, "97732");
INSERT INTO quiz (id,cid,autograde,gradesystem,qname,quizFile,qrelease,deadline,modified,creator,vers) VALUES (11,2,1,2,'HTML CSS Testdugga','html_css_dugga','2015-01-01 00:00:00','2015-02-19 15:30:00',NOW(),2,"97732");
INSERT INTO quiz (id,cid,autograde,gradesystem,qname,quizFile,qrelease,deadline,modified,creator,vers) VALUES (12,2,1,2,'Clipping masking testdugga','clipping_masking_dugga','2015-01-01 00:00:00','2015-02-19 15:30:00',NOW(),2,"97732");

/* Insert variants of tests */
INSERT INTO variant (vid,quizID,param,variantanswer,modified,creator) VALUES (1,1,'{\"tal\":\"2\"}','{"danswer":\"00000010 0 2\"}',NOW(),2);
INSERT INTO variant (vid,quizID,param,variantanswer,modified,creator) VALUES (2,1,'{\"tal\":\"5\"}','{\"danswer\":\"00000101 0 5\"}',NOW(),2);
INSERT INTO variant (vid,quizID,param,variantanswer,modified,creator) VALUES (3,1,'{\"tal\":\"10\"}','{\"danswer\":\"00002 0 A\"}',NOW(),2);
INSERT INTO variant (vid,quizID,param,variantanswer,modified,creator) VALUES (4,2,'{\"tal\":\"25\"}','{\"danswer\":\"00011001 1 9\"}',NOW(),2);
INSERT INTO variant (vid,quizID,param,variantanswer,modified,creator) VALUES (5,2,'{\"tal\":\"87\"}','{\"danswer\":\"02111 5 7\"}',NOW(),2);
INSERT INTO variant (vid,quizID,param,variantanswer,modified,creator) VALUES (6,2,'{\"tal\":\"192\"}','{\"danswer\":\"11000000 C 0\"}',NOW(),2);
INSERT INTO variant (vid,quizID,param,variantanswer,modified,creator) VALUES (7,3,'{\"color\":\"red\",\"colorname\":\"Röd\"}','{Variant}',NOW(),2);
INSERT INTO variant (vid,quizID,param,variantanswer,modified,creator) VALUES (8,3,'{\"color\":\"white\",\"colorname\":\"Vit\"}','{Variant}',NOW(),2);
INSERT INTO variant (vid,quizID,param,variantanswer,modified,creator) VALUES (9,3,'{\"color\":\"black\",\"colorname\":\"Svart\"}','{Variant}',NOW(),2);
INSERT INTO variant (vid,quizID,param,variantanswer,modified,creator) VALUES (10,4,'{\"color\":\"blue\",\"colorname\":\"Blå\"}','{Variant}',NOW(),2);
INSERT INTO variant (vid,quizID,param,variantanswer,modified,creator) VALUES (11,4,'{\"color\":\"purple\",\"colorname\":\"Lila\"}','{Variant}',NOW(),2);
INSERT INTO variant (vid,quizID,param,variantanswer,modified,creator) VALUES (12,4,'{\"color\":\"teal\",\"colorname\":\"Turkos (Teal)\"}','{Variant}',NOW(),2);
INSERT INTO variant (vid,quizID,param,variantanswer,modified,creator) VALUES (13,5,'{\"linje\":\"10,30,19 20 40 20 50 30 50,81 65 50\"}','{Variant}',NOW(),2);
INSERT INTO variant (vid,quizID,param,variantanswer,modified,creator) VALUES (14,6,'{\"linje\":\"10,30,81 10 20,81 65 10,63 20 30 75 35,19 30 60 75 70 50 35,19 100 10 85 95 45 50,19 40 40 50 40 15 55,63 10 60 10 50,81 20 30\"}','{Variant}',NOW(),2);
INSERT INTO variant (vid,quizID,param,variantanswer,modified,creator) VALUES (15,7,'{\"variant\":\"40 13 7 20 0\"}','{Variant}',NOW(),2);
INSERT INTO variant (vid,quizID,param,variantanswer,modified,creator) VALUES (16,8,'{\"variant\":\"26 38 33 43 17 5 23 26 30 40 0 17 5 13 22 1 27 11 7 17 22 2 27 26 16 8 13 22 2 27 15 10 19 23 0\"}','{Variant}',NOW(),2);
INSERT INTO variant (vid,quizID,param,variantanswer,modified,creator) VALUES (17,9,'{question\"One byte is equivalent to how many bits?: A\"4: B\"8: C\"16: D\"32}','B',NOW(),2);
INSERT INTO variant (vid,quizID,param,variantanswer,modified,creator) VALUES (18,9,'{question\"RGB and CMYK are abbreviations for what?: A\"Red, Green, Blue and Cyan Magenta, Yellow, Key (black): B\"Red, Grey, Black and Cyclone, Magenta, Yellow, Kayo: C\"Randy´s Green Brick and Cactus Magnolia Yronema Kalmia}','A',NOW(),2);
INSERT INTO variant (vid,quizID,param,variantanswer,modified,creator) VALUES (19,9,'{question\"Which of these are examples of actual shaders?: A\"B32shader, 554shader: B\"Context shaders, Shadow shaders and Block shaders: C\"Vertex shaders, Pixel shaders and Geometry shaders}','C',NOW(),2);
INSERT INTO variant (vid,quizID,param,variantanswer,modified,creator) VALUES (20,9,'{question\"Points, lines and curves are examples of geometrical...: A\"Primitives: B\"Substitutes: C\"Formations: D\"Partitions}','A',NOW(),2);
INSERT INTO variant (vid,quizID,param,modified,creator) VALUES (21,10,'{\"type\":\"md\",\"filelink\":\"minimikrav_m2.md\", \"submissions\":[{\"fieldname\":\"InlPHPDocument\",\"type\":\"pdf\",\"instruction\":\"Your report as a .pdf document.\"},{\"fieldname\":\"InlPHPZip\",\"type\":\"zip\", \"instruction\":\"Zip your project folder and submit the file here.\"}]}', NOW(),2);
INSERT INTO variant (vid,quizID,param,modified,creator) VALUES (22,11,'{\"instructions\" : \"Målet med denna duggan är att du skall skapa den html- och css-kod som krävs för att återskapa det du ser i target-fönstret.\", \"target\" : \"cssdugga-site-1.png\", \"target-text\" : \"1) Skall tåla att storleken på skärmen påverkas. 2) Sidan får inte bli mindre i x-led än att alla knappar,Sture 1-5, i #eilert syns. 3) Endast span-element i body skall användas, Inga andra placeholder-element ellerövriga container-element är tillåtna 4) Float får ej användas 5) html och css skall klara validering 6) Internal css style skall användas\"}', NOW(),2);
INSERT INTO variant (vid,quizID,param,modified,creator) VALUES (23,12,'{\"target\":\"test.png\"}', NOW(),2);

/* Insert items on coursepage */
INSERT INTO listentries (lid,cid,entryname,link,kind,pos,creator,visible,vers,rowcolor) VALUES (1001,1,'PHP examples','UNK',1,1,1,1,'45656',0);
INSERT INTO listentries (lid,cid,entryname,link,kind,pos,creator,visible,vers,rowcolor) VALUES (1002,1,'PHP Example 1',1,2,2,1,1,'45656',0);
INSERT INTO listentries (lid,cid,entryname,link,kind,pos,creator,visible,vers,rowcolor) VALUES (1003,1,'PHP Example 2',2,2,3,1,1,'45656',0);
INSERT INTO listentries (lid,cid,entryname,link,kind,pos,creator,visible,vers,rowcolor) VALUES (1004,1,'PHP Example 3',3,2,4,1,1,'45656',0);
INSERT INTO listentries (lid,cid,entryname,link,kind,pos,creator,visible,vers,rowcolor) VALUES (1005,1,'Javascript examples','UNK',1,5,1,1,'45656',0);
INSERT INTO listentries (lid,cid,entryname,link,kind,pos,creator,visible,vers,rowcolor) VALUES (1006,1,'JavaScript Example 1',4,2,6,1,1,'45656',0);
INSERT INTO listentries (lid,cid,entryname,link,kind,pos,creator,visible,vers,rowcolor) VALUES (1007,1,'JavaScript Example 2',5,2,7,1,1,'45656',0);
INSERT INTO listentries (lid,cid,entryname,link,kind,pos,creator,visible,vers,rowcolor) VALUES (1008,1,'JavaScript Example 3',6,2,8,1,1,'45656',0);
INSERT INTO listentries (lid,cid,entryname,link,kind,pos,creator,visible,vers,rowcolor) VALUES (1009,1,'HTML5 examples','UNK',1,9,1,1,'45656',0);
INSERT INTO listentries (lid,cid,entryname,link,kind,pos,creator,visible,vers,rowcolor) VALUES (1010,1,'HTML5 Example 1',7,2,10,1,1,'45656',0);
INSERT INTO listentries (lid,cid,entryname,link,kind,pos,creator,visible,vers,rowcolor) VALUES (1011,1,'HTML5 Example 2',8,2,11,1,1,'45656',0);
INSERT INTO listentries (lid,cid,entryname,link,kind,pos,creator,visible,vers,rowcolor) VALUES (1012,1,'HTML5 Example 3',9,2,12,1,1,'45656',0);
INSERT INTO listentries (lid,cid,entryname,link,kind,pos,creator,visible,vers,rowcolor) VALUES (1013,1,'HTML5 Example 4',10,2,13,1,1,'45656',0);
INSERT INTO listentries (lid,cid,entryname,link,kind,pos,creator,visible,vers,rowcolor) VALUES (1014,1,'HTML5 Example 5',11,2,14,1,1,'45656',0);
INSERT INTO listentries (lid,cid,entryname,link,kind,pos,creator,visible,vers,rowcolor) VALUES (1015,1,'HTML5 Example 6',12,2,15,1,1,'45656',0);
INSERT INTO listentries (lid,cid,entryname,link,kind,pos,creator,visible,vers,rowcolor) VALUES (1016,1,'HTML5 Example 7',13,2,16,1,1,'45656',0);
INSERT INTO listentries (lid,cid,entryname,link,kind,pos,creator,visible,vers,rowcolor) VALUES (1017,1,'HTML5 Example 8',14,2,17,1,1,'45656',0);
INSERT INTO listentries (lid,cid,entryname,link,kind,pos,creator,visible,vers,rowcolor) VALUES (1018,1,'Shader examples','UNK',1,18,1,1,'45656',0);
INSERT INTO listentries (lid,cid,entryname,link,kind,pos,creator,visible,vers,rowcolor) VALUES (1019,1,'Shaderprogrammering',15,2,19,1,1,'45656',0);
INSERT INTO listentries (lid,cid,entryname,link,kind,pos,creator,visible,vers,rowcolor) VALUES (1020,1,'Shaderprogrammering',16,2,20,1,1,'45656',0);

INSERT INTO listentries (lid,cid,entryname,link,kind,pos,creator,visible,vers,moment,gradesystem,highscoremode,rowcolor) VALUES (2001,2,'Biträkningsduggor 1HP','',4,0,1,1,'97732',2001,2,0,0);
INSERT INTO listentries (lid,cid,entryname,link,kind,pos,creator,visible,vers,moment,gradesystem,highscoremode,rowcolor) VALUES (2002,2,'Biträkningsdugga 1','1',3,1,1,1,'97732',2001,2,1,0);
INSERT INTO listentries (lid,cid,entryname,link,kind,pos,creator,visible,vers,moment,gradesystem,highscoremode,rowcolor) VALUES (2003,2,'Biträkningsdugga 2','2',3,2,1,1,'97732',2001,2,1,0);
INSERT INTO listentries (lid,cid,entryname,link,kind,pos,creator,visible,vers,moment,gradesystem,highscoremode,rowcolor) VALUES (2004,2,'Färgduggor 1HP','',4,3,1,1,'97732',2004,2,0,0);
INSERT INTO listentries (lid,cid,entryname,link,kind,pos,creator,visible,vers,moment,gradesystem,highscoremode,rowcolor) VALUES (2005,2,'Färgdugga 1','3',3,4,1,1,'97732',2004,2,1,0);
INSERT INTO listentries (lid,cid,entryname,link,kind,pos,creator,visible,vers,moment,gradesystem,highscoremode,rowcolor) VALUES (2006,2,'Färgdugga 2','4',3,5,1,1,'97732',2004,2,1,0);
INSERT INTO listentries (lid,cid,entryname,link,kind,pos,creator,visible,vers,moment,gradesystem,highscoremode,rowcolor) VALUES (2007,2,'Geometri 2HP','',4,6,1,1,'97732',2007,2,0,0);
INSERT INTO listentries (lid,cid,entryname,link,kind,pos,creator,visible,vers,moment,gradesystem,highscoremode,rowcolor) VALUES (2008,2,'Linjedugga 1','5',3,7,1,1,'97732',2007,2,2,0);
INSERT INTO listentries (lid,cid,entryname,link,kind,pos,creator,visible,vers,moment,gradesystem,highscoremode,rowcolor) VALUES (2009,2,'Linjedugga 2','6',3,8,1,1,'97732',2007,2,2,0);
INSERT INTO listentries (lid,cid,entryname,link,kind,pos,creator,visible,vers,moment,gradesystem,highscoremode,rowcolor) VALUES (2010,2,'Transformationer 3,5HP','',4,9,1,1,'97732',2010,2,0,0);
INSERT INTO listentries (lid,cid,entryname,link,kind,pos,creator,visible,vers,moment,gradesystem,highscoremode,rowcolor) VALUES (2011,2,'Transformationsdugga 1','7',3,10,1,1,'97732',2010,2,2,0);
INSERT INTO listentries (lid,cid,entryname,link,kind,pos,creator,visible,vers,moment,gradesystem,highscoremode,rowcolor) VALUES (2012,2,'Transformationsdugga 2','8',3,11,1,1,'97732',2010,2,2,0);
INSERT INTO listentries (lid,cid,entryname,link,kind,pos,creator,visible,vers,moment,gradesystem,highscoremode,rowcolor) VALUES (2013,2,'Frågeduggor 1HP','',4,12,1,1,'97732',2013,2,0,0);
INSERT INTO listentries (lid,cid,entryname,link,kind,pos,creator,visible,vers,moment,gradesystem,highscoremode,rowcolor) VALUES (2014,2,'Frågedugga 1','9',3,13,1,1,'97732',2013,2,1,0);
INSERT INTO listentries (lid,cid,entryname,link,kind,pos,creator,visible,vers,moment,gradesystem,highscoremode,rowcolor) VALUES (2015,2,'Rapport 1HP', '',4,14,2,1,'97732',2015,2,1,0);
INSERT INTO listentries (lid,cid,entryname,link,kind,pos,creator,visible,vers,moment,gradesystem,highscoremode,rowcolor) VALUES (2016,2,'Rapport inlämning','10',3,15,2,1,'97732',2015,2,1,0);

INSERT INTO listentries (lid,cid,entryname,link,kind,pos,creator,visible,vers,moment,gradesystem,highscoremode,rowcolor) VALUES (2017,2,'Bit count test 1HP','',4,0,1,1,'97731',2017,2,0,0);
INSERT INTO listentries (lid,cid,entryname,link,kind,pos,creator,visible,vers,moment,gradesystem,highscoremode,rowcolor) VALUES (2018,2,'Bit count test 1','1',3,1,1,1,'97731',2017,2,1,0);
INSERT INTO listentries (lid,cid,entryname,link,kind,pos,creator,visible,vers,moment,gradesystem,highscoremode,rowcolor) VALUES (2019,2,'Bit count test 2','2',3,2,1,1,'97731',2017,0,1,0);
INSERT INTO listentries (lid,cid,entryname,link,kind,pos,creator,visible,vers,moment,gradesystem,highscoremode,rowcolor) VALUES (2020,2,'Color test 1HP','',4,3,1,1,'97731',2020,2,0,0);
INSERT INTO listentries (lid,cid,entryname,link,kind,pos,creator,visible,vers,moment,gradesystem,highscoremode,rowcolor) VALUES (2021,2,'Hex color test 1','3',3,4,1,1,'97731',2020,2,1,0);
INSERT INTO listentries (lid,cid,entryname,link,kind,pos,creator,visible,vers,moment,gradesystem,highscoremode,rowcolor) VALUES (2022,2,'Hex color test 2','4',3,5,1,1,'97731',2020,2,1,0);
INSERT INTO listentries (lid,cid,entryname,link,kind,pos,creator,visible,vers,moment,gradesystem,highscoremode,rowcolor) VALUES (2023,2,'Geometry 2HP','',4,6,1,1,'97731',2023,2,0,0);
INSERT INTO listentries (lid,cid,entryname,link,kind,pos,creator,visible,vers,moment,gradesystem,highscoremode,rowcolor) VALUES (2024,2,'Geometry test 1','5',3,7,1,1,'97731',2022,2,2,0);
INSERT INTO listentries (lid,cid,entryname,link,kind,pos,creator,visible,vers,moment,gradesystem,highscoremode,rowcolor) VALUES (2025,2,'Geometry test 2','6',3,8,1,1,'97731',2022,2,2,0);
INSERT INTO listentries (lid,cid,entryname,link,kind,pos,creator,visible,vers,moment,gradesystem,highscoremode,rowcolor) VALUES (2026,2,'Transforms 3,5HP','',4,9,1,1,'97731',2026,2,0,0);
INSERT INTO listentries (lid,cid,entryname,link,kind,pos,creator,visible,vers,moment,gradesystem,highscoremode,rowcolor) VALUES (2027,2,'Transforms test 1','7',3,10,1,1,'97731',2026,2,2,0);
INSERT INTO listentries (lid,cid,entryname,link,kind,pos,creator,visible,vers,moment,gradesystem,highscoremode,rowcolor) VALUES (2028,2,'Transforms test 2','8',3,11,1,1,'97731',2026,2,2,0);
INSERT INTO listentries (lid,cid,entryname,link,kind,pos,creator,visible,vers,moment,gradesystem,highscoremode,rowcolor) VALUES (2029,2,'Quizzes 1HP','',4,12,1,1,'97731',2029,2,0,0);
INSERT INTO listentries (lid,cid,entryname,link,kind,pos,creator,visible,vers,moment,gradesystem,highscoremode,rowcolor) VALUES (2030,2,'Quiz 1','9',3,13,1,1,'97731',2029,2,1,0);
INSERT INTO listentries (lid,cid,entryname,link,kind,pos,creator,visible,vers,moment,gradesystem,highscoremode,rowcolor) VALUES (2031,2,'Report 1HP', '',4,14,2,1,'97731',2031,2,1,0);
INSERT INTO listentries (lid,cid,entryname,link,kind,pos,creator,visible,vers,moment,gradesystem,highscoremode,rowcolor) VALUES (2032,2,'Report submission','10',3,15,2,1,'97731',2031,2,1,0);

INSERT INTO listentries (lid,cid,entryname,link,kind,pos,creator,visible,vers,moment,gradesystem,highscoremode,rowcolor) VALUES (2033,2,'HTML and CSS 1HP', '',4,16,2,1,'97732',2033,2,1,0);
INSERT INTO listentries (lid,cid,entryname,link,kind,pos,creator,visible,vers,moment,gradesystem,highscoremode,rowcolor) VALUES (2034,2,'Random css dugga','11',3,17,2,1,'97732',2033,2,1,0);
INSERT INTO listentries (lid,cid,entryname,link,kind,pos,creator,visible,vers,moment,gradesystem,highscoremode,rowcolor) VALUES (2035,2,'Clipping', '',4,18,2,1,'97732',2035,2,1,0);
INSERT INTO listentries (lid,cid,entryname,link,kind,pos,creator,visible,vers,moment,gradesystem,highscoremode,rowcolor) VALUES (2036,2,'Random clipping dugga','12',3,19,2,1,'97732',2035,2,1,0);

/* Insert access for users */
INSERT INTO user_course (uid,cid,result,creator,access,period,term,vers,examiner,`groups`) VALUES (1010,1,'0.0','1','R',0,'VT-20',45656,6,'Le_A');
INSERT INTO user_course (uid,cid,result,creator,access,period,term,vers,examiner,`groups`) VALUES (2020,1,'0.0','1','R',0,'VT-20',45656,6,'Le_A');
INSERT INTO user_course (uid,cid,result,creator,access,period,term,vers,examiner,`groups`) VALUES (3030,1,'0.0','1','R',0,'VT-20',45656,6,'Le_A');
INSERT INTO user_course (uid,cid,result,creator,access,period,term,vers,examiner,`groups`) VALUES (4040,1,'0.0','1','R',0,'VT-20',45656,6,'Le_A');

INSERT INTO user_course (uid,cid,result,creator,access,period,term,vers,examiner,`groups`) VALUES (1010,2,'0.0','1','R',0,'VT-20',97731,6,'Le_B');
INSERT INTO user_course (uid,cid,result,creator,access,period,term,vers,examiner,`groups`) VALUES (2020,2,'0.0','1','R',0,'VT-20',97731,6,'Le_A');
INSERT INTO user_course (uid,cid,result,creator,access,period,term,vers,examiner,`groups`) VALUES (3030,2,'0.0','1','R',0,'VT-20',97731,6,'Le_B');
INSERT INTO user_course (uid,cid,result,creator,access,period,term,vers,examiner,`groups`) VALUES (4040,2,'0.0','1','R',0,'VT-20',97731,6,'Le_A');
INSERT INTO user_course (uid,cid,result,creator,access,period,term,vers,examiner,`groups`) VALUES (5050,2,'0.0','1','R',0,'VT-20',97731,6,'Le_B');
INSERT INTO user_course (uid,cid,result,creator,access,period,term,vers,examiner,`groups`) VALUES (6060,2,'0.0','1','R',0,'VT-20',97731,6,'Le_A');
INSERT INTO user_course (uid,cid,result,creator,access,period,term,vers,examiner,`groups`) VALUES (7070,2,'0.0','1','R',0,'VT-20',97731,6,'Le_A');
INSERT INTO user_course (uid,cid,result,creator,access,period,term,vers,examiner,`groups`) VALUES (8080,2,'0.0','1','R',0,'VT-20',97731,6,'Le_B');
INSERT INTO user_course (uid,cid,result,creator,access,period,term,vers,examiner,`groups`) VALUES (9090,2,'0.0','1','R',0,'VT-20',97731,6,'Le_A');
INSERT INTO user_course (uid,cid,result,creator,access,period,term,vers,examiner,`groups`) VALUES (1111,2,'0.0','1','R',0,'VT-20',97731,6,'Le_B');
INSERT INTO user_course (uid,cid,result,creator,access,period,term,vers,examiner,`groups`) VALUES (1212,2,'0.0','1','R',0,'VT-20',97731,6,'Le_A');
INSERT INTO user_course (uid,cid,result,creator,access,period,term,vers,examiner,`groups`) VALUES (1313,2,'0.0','1','R',0,'VT-20',97731,6,'Le_B');
INSERT INTO user_course (uid,cid,result,creator,access,period,term,vers,examiner,`groups`) VALUES (1414,2,'0.0','1','R',0,'VT-20',97731,6,'Le_A');
INSERT INTO user_course (uid,cid,result,creator,access,period,term,vers,examiner,`groups`) VALUES (1515,2,'0.0','1','R',0,'VT-20',97731,6,'Le_A');
INSERT INTO user_course (uid,cid,result,creator,access,period,term,vers,examiner,`groups`) VALUES (1616,2,'0.0','1','R',0,'VT-20',97731,6,'Le_B');
INSERT INTO user_course (uid,cid,result,creator,access,period,term,vers,examiner,`groups`) VALUES (1717,2,'0.0','1','R',0,'VT-20',97731,6,'Le_A');
/* END duggasys test data END */

/* START codeviewver test data START */

/* Codeexamples */

INSERT INTO codeexample (cid,sectionname,examplename,runlink,uid,cversion,afterid,beforeid,templateid,exampleid) VALUES (1,'PHP Example 1',"PHP Startup","PHP_Ex1.php",1,45656,'2','1',1,1);
INSERT INTO codeexample (cid,sectionname,examplename,runlink,uid,cversion,afterid,beforeid,templateid,exampleid) VALUES (1,'PHP Example 2',"PHP Startup","PHP_Ex2.php",1,45656,'3','1',1,2);
INSERT INTO codeexample (cid,sectionname,examplename,runlink,uid,cversion,afterid,beforeid,templateid,exampleid) VALUES (1,'PHP Example 3',"PHP Variables","PHP_Ex3.php",1,45656,'4','2',1,3);
INSERT INTO codeexample (cid,sectionname,examplename,runlink,uid,cversion,afterid,beforeid,templateid,exampleid) VALUES (1,'JavaScript Example 1',"Events, DOM access and console.log","JavaScript_Ex1.html",1,45656,'5','3',3,4);
INSERT INTO codeexample (cid,sectionname,examplename,runlink,uid,cversion,afterid,beforeid,templateid,exampleid) VALUES (1,'JavaScript Example 2',"Adding and removing elements in the DOM","JavaScript_Ex2.html",1,45656,'6','4',4,5);
INSERT INTO codeexample (cid,sectionname,examplename,runlink,uid,cversion,afterid,beforeid,templateid,exampleid) VALUES (1,'JavaScript Example 3',"Validating form data","JavaScript_Ex3.html",1,45656,'7','5',3,6);
INSERT INTO codeexample (cid,sectionname,examplename,runlink,uid,cversion,afterid,beforeid,templateid,exampleid) VALUES (1,'HTML5 Example 1',"Basic canvas graphics","HTML_Ex1.html",1,45656,'8','6',6,7);
INSERT INTO codeexample (cid,sectionname,examplename,runlink,uid,cversion,afterid,beforeid,templateid,exampleid) VALUES (1,'HTML5 Example 2',"Canvas Gradients and Transformations","HTML_Ex2.html",1,45656,'9','7',2,8);
INSERT INTO codeexample (cid,sectionname,examplename,runlink,uid,cversion,afterid,beforeid,templateid,exampleid) VALUES (1,'HTML5 Example 3',"Animation and drawing images","HTML_Ex3.html",1,45656,'10','8',2,9);
INSERT INTO codeexample (cid,sectionname,examplename,runlink,uid,cversion,afterid,beforeid,templateid,exampleid) VALUES (1,'HTML5 Example 4',"Shadows","HTML_Ex4.html",1,45656,'11','9',2,10);
INSERT INTO codeexample (cid,sectionname,examplename,runlink,uid,cversion,afterid,beforeid,templateid,exampleid) VALUES (1,'HTML5 Example 5',"Reading mouse coordinates","HTML_Ex5.html",1,45656,'12','10',1,11);
INSERT INTO codeexample (cid,sectionname,examplename,runlink,uid,cversion,afterid,beforeid,templateid,exampleid) VALUES (1,'HTML5 Example 6',"2D Tile Map and Mouse Coordinates","HTML_Ex6.html",1,45656,'13','11',1,12);
INSERT INTO codeexample (cid,sectionname,examplename,runlink,uid,cversion,afterid,beforeid,templateid,exampleid) VALUES (1,'HTML5 Example 7',"Isometric Tile Map and Mouse Coordinates","HTML_Ex7.html",1,45656,'14','12',1,13);
INSERT INTO codeexample (cid,sectionname,examplename,runlink,uid,cversion,afterid,beforeid,templateid,exampleid) VALUES (1,'HTML5 Example 8',"Cookies","HTML_Ex8.html",1,45656,'15','13',5,14);
INSERT INTO codeexample (cid,sectionname,examplename,runlink,uid,cversion,afterid,beforeid,templateid,exampleid) VALUES (1,'Shaderprogrammering',"Per Pixel Diffuse Lighting","Shader_Ex1.html",1,45656,'16','14',3,15);
INSERT INTO codeexample (cid,sectionname,examplename,runlink,uid,cversion,afterid,beforeid,templateid,exampleid) VALUES (1,'Shaderprogrammering',"Rim Lighting","Shader_Ex2.html",1,45656,'16','15',3,16);


/* Boxes for codeexamples */

INSERT INTO box (boxid,exampleid,boxtitle,boxcontent,settings,wordlistid,filename) VALUES (1,1,"Description","Document","[viktig=1]",4,"PHP_Ex1.txt");
INSERT INTO box (boxid,exampleid,boxtitle,boxcontent,settings,wordlistid,filename) VALUES (2,1,"PHP_Ex1.php","Code","[viktig=1]",2,"PHP_Ex1.php");
INSERT INTO box (boxid,exampleid,boxtitle,boxcontent,settings,wordlistid,filename) VALUES (1,2,"Description","Document","[viktig=1]",4,"PHP_Ex2.txt");
INSERT INTO box (boxid,exampleid,boxtitle,boxcontent,settings,wordlistid,filename) VALUES (2,2,"PHP_Ex2.php","Code","[viktig=1]",2,"PHP_Ex2.php");
INSERT INTO box (boxid,exampleid,boxtitle,boxcontent,settings,wordlistid,filename) VALUES (1,3,"Description","Document","[viktig=1]",4,"PHP_Ex3.txt");
INSERT INTO box (boxid,exampleid,boxtitle,boxcontent,settings,wordlistid,filename) VALUES (2,3,"PHP_Ex3.php","Code","[viktig=1]",2,"PHP_Ex3.php");
INSERT INTO box (boxid,exampleid,boxtitle,boxcontent,settings,wordlistid,filename) VALUES (1,4,"Description","Document","[viktig=1]",4,"JavaScript_Ex1.txt");
INSERT INTO box (boxid,exampleid,boxtitle,boxcontent,settings,wordlistid,filename) VALUES (2,4,"JavaScript_Ex1.html","Code","[viktig=1]",3,"JavaScript_Ex1.html");
INSERT INTO box (boxid,exampleid,boxtitle,boxcontent,settings,wordlistid,filename) VALUES (3,4,"JavaScript_Ex1.js","Code","[viktig=1]",1,"JavaScript_Ex1.js");
INSERT INTO box (boxid,exampleid,boxtitle,boxcontent,settings,wordlistid,filename) VALUES (1,5,"JavaScript_Ex2.html","Code","[viktig=1]",3,"JavaScript_Ex2.html");
INSERT INTO box (boxid,exampleid,boxtitle,boxcontent,settings,wordlistid,filename) VALUES (2,5,"JavaScript_Ex2.js","Code","[viktig=1]",1,"JavaScript_Ex2.js");
INSERT INTO box (boxid,exampleid,boxtitle,boxcontent,settings,wordlistid,filename) VALUES (3,5,"Description","Document","[viktig=1]",4,"JavaScript_Ex2.txt");
INSERT INTO box (boxid,exampleid,boxtitle,boxcontent,settings,wordlistid,filename) VALUES (1,6,"Description","Document","[viktig=1]",4,"JavaScript_Ex3.txt");
INSERT INTO box (boxid,exampleid,boxtitle,boxcontent,settings,wordlistid,filename) VALUES (2,6,"JavaScript_Ex3.html","Code","[viktig=1]",3,"JavaScript_Ex3.html");
INSERT INTO box (boxid,exampleid,boxtitle,boxcontent,settings,wordlistid,filename) VALUES (3,6,"JavaScript_Ex3.js","Code","[viktig=1]",1,"JavaScript_Ex3.js");
INSERT INTO box (boxid,exampleid,boxtitle,boxcontent,settings,wordlistid,filename) VALUES (1,7,"Description","Document","[viktig=1]",4,"HTML_Ex1.txt");
INSERT INTO box (boxid,exampleid,boxtitle,boxcontent,settings,wordlistid,filename) VALUES (2,7,"HTML_Ex1.html","Code","[viktig=1]",3,"HTML_Ex1.html");
INSERT INTO box (boxid,exampleid,boxtitle,boxcontent,settings,wordlistid,filename) VALUES (3,7,"HTML_Ex1.css","Code","[viktig=1]",4,"HTML_Ex1.css");
INSERT INTO box (boxid,exampleid,boxtitle,boxcontent,settings,wordlistid,filename) VALUES (4,7,"HTML_Ex1.js","Code","[viktig=1]",1,"HTML_Ex1.js");
INSERT INTO box (boxid,exampleid,boxtitle,boxcontent,settings,wordlistid,filename) VALUES (1,8,"Description","Document","[viktig=1]",4,"HTML_Ex2.txt");
INSERT INTO box (boxid,exampleid,boxtitle,boxcontent,settings,wordlistid,filename) VALUES (2,8,"HTML_Ex2.html","Code","[viktig=1]",3,"HTML_Ex2.html");
INSERT INTO box (boxid,exampleid,boxtitle,boxcontent,settings,wordlistid,filename) VALUES (1,9,"Description","Document","[viktig=1]",4,"HTML_Ex3.txt");
INSERT INTO box (boxid,exampleid,boxtitle,boxcontent,settings,wordlistid,filename) VALUES (2,9,"HTML_Ex3.html","Code","[viktig=1]",3,"HTML_Ex3.html");
INSERT INTO box (boxid,exampleid,boxtitle,boxcontent,settings,wordlistid,filename) VALUES (1,10,"Description","Document","[viktig=1]",4,"HTML_Ex4.txt");
INSERT INTO box (boxid,exampleid,boxtitle,boxcontent,settings,wordlistid,filename) VALUES (2,10,"HTML_Ex4.html","Code","[viktig=1]",3,"HTML_Ex4.html");
INSERT INTO box (boxid,exampleid,boxtitle,boxcontent,settings,wordlistid,filename) VALUES (1,11,"Description","Document","[viktig=1]",4,"HTML_Ex5.txt");
INSERT INTO box (boxid,exampleid,boxtitle,boxcontent,settings,wordlistid,filename) VALUES (2,11,"HTML_Ex5.html","Code","[viktig=1]",3,"HTML_Ex5.html");
INSERT INTO box (boxid,exampleid,boxtitle,boxcontent,settings,wordlistid,filename) VALUES (1,12,"Description","Document","[viktig=1]",4,"HTML_Ex6.txt");
INSERT INTO box (boxid,exampleid,boxtitle,boxcontent,settings,wordlistid,filename) VALUES (2,12,"HTML_Ex6.html","Code","[viktig=1]",3,"HTML_Ex6.html");
INSERT INTO box (boxid,exampleid,boxtitle,boxcontent,settings,wordlistid,filename) VALUES (1,13,"Description","Document","[viktig=1]",4,"HTML_Ex7.txt");
INSERT INTO box (boxid,exampleid,boxtitle,boxcontent,settings,wordlistid,filename) VALUES (2,13,"HTML_Ex7.html","Code","[viktig=1]",3,"HTML_Ex7.html");
INSERT INTO box (boxid,exampleid,boxtitle,boxcontent,settings,wordlistid,filename) VALUES (1,14,"Description","Document","[viktig=1]",4,"HTML_Ex8.txt");
INSERT INTO box (boxid,exampleid,boxtitle,boxcontent,settings,wordlistid,filename) VALUES (2,14,"HTML_Ex8.html","Code","[viktig=1]",3,"HTML_Ex8.html");
INSERT INTO box (boxid,exampleid,boxtitle,boxcontent,settings,wordlistid,filename) VALUES (3,14,"HTML_Ex8.css","Code","[viktig=1]",4,"HTML_Ex8.css");
INSERT INTO box (boxid,exampleid,boxtitle,boxcontent,settings,wordlistid,filename) VALUES (4,14,"HTML_Ex8.js","Code","[viktig=1]",1,"HTML_Ex8.js");
INSERT INTO box (boxid,exampleid,boxtitle,boxcontent,settings,wordlistid,filename) VALUES (1,15,"Description","Document","[viktig=1]",4,"Shader_Ex1.txt");
INSERT INTO box (boxid,exampleid,boxtitle,boxcontent,settings,wordlistid,filename) VALUES (2,15,"JavaScript Code","Code","[viktig=1]",1,"Shader_Ex1.js");
INSERT INTO box (boxid,exampleid,boxtitle,boxcontent,settings,wordlistid,filename) VALUES (3,15,"Shader Output","IFRAME","[viktig=1]",NULL,"Shader_Ex1.html");
INSERT INTO box (boxid,exampleid,boxtitle,boxcontent,settings,wordlistid,filename) VALUES (1,16,"Description","Document","[viktig=1]",4,"Shader_Ex2.txt");
INSERT INTO box (boxid,exampleid,boxtitle,boxcontent,settings,wordlistid,filename) VALUES (2,16,"JavaScript Code","Code","[viktig=1]",1,"Shader_Ex2.js");
INSERT INTO box (boxid,exampleid,boxtitle,boxcontent,settings,wordlistid,filename) VALUES (3,16,"Shader Output","IFRAME","[viktig=1]",NULL,"Shader_Ex2.html");
/* Important rows */
INSERT INTO improw (exampleid,boxid,istart,iend,uid) VALUES (1,2,4,9,1);
INSERT INTO improw (exampleid,boxid,istart,iend,uid) VALUES (2,2,3,5,1);
INSERT INTO improw (exampleid,boxid,istart,iend,uid) VALUES (2,2,11,13,1);
INSERT INTO improw (exampleid,boxid,istart,iend,uid) VALUES (3,2,10,12,1);
INSERT INTO improw (exampleid,boxid,istart,iend,uid) VALUES (3,2,15,15,1);
INSERT INTO improw (exampleid,boxid,istart,iend,uid) VALUES (3,2,21,21,1);
INSERT INTO improw (exampleid,boxid,istart,iend,uid) VALUES (3,2,24,24,1);
INSERT INTO improw (exampleid,boxid,istart,iend,uid) VALUES (4,2,7,8,1);
INSERT INTO improw (exampleid,boxid,istart,iend,uid) VALUES (4,3,2,21,1);
INSERT INTO improw (exampleid,boxid,istart,iend,uid) VALUES (4,3,24,29,1);
INSERT INTO improw (exampleid,boxid,istart,iend,uid) VALUES (5,2,1,19,1);
INSERT INTO improw (exampleid,boxid,istart,iend,uid) VALUES (5,2,21,30,1);
INSERT INTO improw (exampleid,boxid,istart,iend,uid) VALUES (5,2,32,34,1);
INSERT INTO improw (exampleid,boxid,istart,iend,uid) VALUES (6,3,1,5,1);
INSERT INTO improw (exampleid,boxid,istart,iend,uid) VALUES (6,3,7,11,1);
INSERT INTO improw (exampleid,boxid,istart,iend,uid) VALUES (6,3,13,16,1);
INSERT INTO improw (exampleid,boxid,istart,iend,uid) VALUES (6,3,18,21,1);
INSERT INTO improw (exampleid,boxid,istart,iend,uid) VALUES (6,3,23,29,1);
INSERT INTO improw (exampleid,boxid,istart,iend,uid) VALUES (6,3,31,34,1);
INSERT INTO improw (exampleid,boxid,istart,iend,uid) VALUES (6,3,36,47,1);
INSERT INTO improw (exampleid,boxid,istart,iend,uid) VALUES (6,3,49,55,1);
INSERT INTO improw (exampleid,boxid,istart,iend,uid) VALUES (7,4,6,7,1);
INSERT INTO improw (exampleid,boxid,istart,iend,uid) VALUES (7,4,11,12,1);
INSERT INTO improw (exampleid,boxid,istart,iend,uid) VALUES (7,4,15,17,1);
INSERT INTO improw (exampleid,boxid,istart,iend,uid) VALUES (7,4,20,25,1);
INSERT INTO improw (exampleid,boxid,istart,iend,uid) VALUES (7,4,28,33,1);
INSERT INTO improw (exampleid,boxid,istart,iend,uid) VALUES (7,4,36,37,1);
INSERT INTO improw (exampleid,boxid,istart,iend,uid) VALUES (8,2,20,30,1);
INSERT INTO improw (exampleid,boxid,istart,iend,uid) VALUES (8,2,41,41,1);
INSERT INTO improw (exampleid,boxid,istart,iend,uid) VALUES (8,2,44,48,1);
INSERT INTO improw (exampleid,boxid,istart,iend,uid) VALUES (8,2,84,89,1);
INSERT INTO improw (exampleid,boxid,istart,iend,uid) VALUES (8,2,92,97,1);
INSERT INTO improw (exampleid,boxid,istart,iend,uid) VALUES (8,2,100,105,1);
INSERT INTO improw (exampleid,boxid,istart,iend,uid) VALUES (8,2,108,114,1);
INSERT INTO improw (exampleid,boxid,istart,iend,uid) VALUES (8,2,116,116,1);
INSERT INTO improw (exampleid,boxid,istart,iend,uid) VALUES (9,2,21,38,1);
INSERT INTO improw (exampleid,boxid,istart,iend,uid) VALUES (9,2,43,47,1);
INSERT INTO improw (exampleid,boxid,istart,iend,uid) VALUES (9,2,50,57,1);
INSERT INTO improw (exampleid,boxid,istart,iend,uid) VALUES (9,2,62,71,1);
INSERT INTO improw (exampleid,boxid,istart,iend,uid) VALUES (9,2,79,79,1);
INSERT INTO improw (exampleid,boxid,istart,iend,uid) VALUES (10,2,89,93,1);
INSERT INTO improw (exampleid,boxid,istart,iend,uid) VALUES (10,2,96,110,1);
INSERT INTO improw (exampleid,boxid,istart,iend,uid) VALUES (10,2,112,114,1);
INSERT INTO improw (exampleid,boxid,istart,iend,uid) VALUES (11,2,14,16,1);
INSERT INTO improw (exampleid,boxid,istart,iend,uid) VALUES (11,2,20,28,1);
INSERT INTO improw (exampleid,boxid,istart,iend,uid) VALUES (11,2,31,42,1);
INSERT INTO improw (exampleid,boxid,istart,iend,uid) VALUES (11,2,45,51,1);
INSERT INTO improw (exampleid,boxid,istart,iend,uid) VALUES (11,2,54,65,1);
INSERT INTO improw (exampleid,boxid,istart,iend,uid) VALUES (12,2,11,15,1);
INSERT INTO improw (exampleid,boxid,istart,iend,uid) VALUES (12,2,36,52,1);
INSERT INTO improw (exampleid,boxid,istart,iend,uid) VALUES (12,2,55,70,1);
INSERT INTO improw (exampleid,boxid,istart,iend,uid) VALUES (12,2,80,84,1);
INSERT INTO improw (exampleid,boxid,istart,iend,uid) VALUES (12,2,96,98,1);
INSERT INTO improw (exampleid,boxid,istart,iend,uid) VALUES (13,2,11,15,1);
INSERT INTO improw (exampleid,boxid,istart,iend,uid) VALUES (13,2,32,41,1);
INSERT INTO improw (exampleid,boxid,istart,iend,uid) VALUES (13,2,46,62,1);
INSERT INTO improw (exampleid,boxid,istart,iend,uid) VALUES (13,2,65,80,1);
INSERT INTO improw (exampleid,boxid,istart,iend,uid) VALUES (13,2,90,94,1);
INSERT INTO improw (exampleid,boxid,istart,iend,uid) VALUES (13,2,106,108,1);
INSERT INTO improw (exampleid,boxid,istart,iend,uid) VALUES (14,4,4,19,1);
INSERT INTO improw (exampleid,boxid,istart,iend,uid) VALUES (14,4,22,30,1);
INSERT INTO improw (exampleid,boxid,istart,iend,uid) VALUES (14,4,33,37,1);
INSERT INTO improw (exampleid,boxid,istart,iend,uid) VALUES (14,4,40,52,1);
INSERT INTO improw (exampleid,boxid,istart,iend,uid) VALUES (14,4,55,59,1);
INSERT INTO improw (exampleid,boxid,istart,iend,uid) VALUES (14,4,62,64,1);
INSERT INTO improw (exampleid,boxid,istart,iend,uid) VALUES (14,4,67,70,1);
INSERT INTO improw (exampleid,boxid,istart,iend,uid) VALUES (14,4,73,73,1);
INSERT INTO improw (exampleid,boxid,istart,iend,uid) VALUES (16,2,34,35,1);

/* Important words */

INSERT INTO impwordlist (exampleid,word,uid) VALUES (1,"echo",1);
INSERT INTO impwordlist (exampleid,word,uid) VALUES (1,"Hello!",1);
INSERT INTO impwordlist (exampleid,word,uid) VALUES (2,"Hello!",1);
INSERT INTO impwordlist (exampleid,word,uid) VALUES (4,"onclick",1);
INSERT INTO impwordlist (exampleid,word,uid) VALUES (4,"onload",1);
INSERT INTO impwordlist (exampleid,word,uid) VALUES (4,"initializeEvents",1);
INSERT INTO impwordlist (exampleid,word,uid) VALUES (4,"console.log",1);
INSERT INTO impwordlist (exampleid,word,uid) VALUES (4,"changeBackground",1);
INSERT INTO impwordlist (exampleid,word,uid) VALUES (5,"createElement",1);
INSERT INTO impwordlist (exampleid,word,uid) VALUES (5,"innerHTML",1);
INSERT INTO impwordlist (exampleid,word,uid) VALUES (5,"appendChild",1);
INSERT INTO impwordlist (exampleid,word,uid) VALUES (5,"appendNode",1);
INSERT INTO impwordlist (exampleid,word,uid) VALUES (5,"insertBefore",1);
INSERT INTO impwordlist (exampleid,word,uid) VALUES (5,"parentNode",1);
INSERT INTO impwordlist (exampleid,word,uid) VALUES (6,"value",1);
INSERT INTO impwordlist (exampleid,word,uid) VALUES (6,"isNaN",1);
INSERT INTO impwordlist (exampleid,word,uid) VALUES (6,"className",1);
INSERT INTO impwordlist (exampleid,word,uid) VALUES (6,"options",1);
INSERT INTO impwordlist (exampleid,word,uid) VALUES (6,"selectedIndex",1);
INSERT INTO impwordlist (exampleid,word,uid) VALUES (6,"length",1);
INSERT INTO impwordlist (exampleid,word,uid) VALUES (6,"onclick",1);
INSERT INTO impwordlist (exampleid,word,uid) VALUES (6,"onload",1);
INSERT INTO impwordlist (exampleid,word,uid) VALUES (6,"onchange",1);
INSERT INTO impwordlist (exampleid,word,uid) VALUES (6,"onkeyup",1);
INSERT INTO impwordlist (exampleid,word,uid) VALUES (6,"onblur",1);
INSERT INTO impwordlist (exampleid,word,uid) VALUES (7,"canvas",1);
INSERT INTO impwordlist (exampleid,word,uid) VALUES (7,"fillRect",1);
INSERT INTO impwordlist (exampleid,word,uid) VALUES (7,"getContext",1);
INSERT INTO impwordlist (exampleid,word,uid) VALUES (7,"strokeStyle",1);
INSERT INTO impwordlist (exampleid,word,uid) VALUES (7,"strokeRect",1);
INSERT INTO impwordlist (exampleid,word,uid) VALUES (7,"fillStyle",1);
INSERT INTO impwordlist (exampleid,word,uid) VALUES (7,"fillText",1);
INSERT INTO impwordlist (exampleid,word,uid) VALUES (8,"beginPath",1);
INSERT INTO impwordlist (exampleid,word,uid) VALUES (8,"createLinearGradient",1);
INSERT INTO impwordlist (exampleid,word,uid) VALUES (8,"save()",1);
INSERT INTO impwordlist (exampleid,word,uid) VALUES (8,"rotate",1);
INSERT INTO impwordlist (exampleid,word,uid) VALUES (8,"restore()",1);
INSERT INTO impwordlist (exampleid,word,uid) VALUES (8,"closePath",1);
INSERT INTO impwordlist (exampleid,word,uid) VALUES (9,"new Image()",1);
INSERT INTO impwordlist (exampleid,word,uid) VALUES (9,"src",1);
INSERT INTO impwordlist (exampleid,word,uid) VALUES (9,"drawImage",1);
INSERT INTO impwordlist (exampleid,word,uid) VALUES (10,"shadowColor",1);
INSERT INTO impwordlist (exampleid,word,uid) VALUES (10,"shadowOffsetX",1);
INSERT INTO impwordlist (exampleid,word,uid) VALUES (10,"shadowOffsetY",1);
INSERT INTO impwordlist (exampleid,word,uid) VALUES (10,"shadowBlur",1);
/* END codeviewver test data END */

-- START UMV test data START --

-- CLass --
INSERT INTO class (class,classname,regcode,classcode,hp,tempo,responsible) VALUES ('DVSUG13h','theGreat',199191,'DVSUG',180,100,100);
INSERT INTO class (class,classname,regcode,classcode,hp,tempo,responsible) VALUES ('WEBUG13h','theBEST',199292,'WEBUG',180,100,101);
INSERT INTO class (class,classname,regcode,classcode,hp,tempo,responsible) VALUES ('WEBUG14h','theDEST',199393,'WEBUG',180,100,101);


/* courses for classes */
-- DVSUG --
INSERT INTO programcourse (class,cid) VALUES ('DVSUG13h',4);
INSERT INTO programcourse (class,cid) VALUES ('DVSUG13h',305);
INSERT INTO programcourse (class,cid) VALUES ('DVSUG13h',307);
INSERT INTO programcourse (class,cid) VALUES ('DVSUG13h',308);
INSERT INTO programcourse (class,cid) VALUES ('DVSUG13h',309);
INSERT INTO programcourse (class,cid) VALUES ('DVSUG13h',312);
INSERT INTO programcourse (class,cid) VALUES ('DVSUG13h',319);

-- WEBUG --
INSERT INTO programcourse (class,cid) VALUES ('WEBUG13h',4);
INSERT INTO programcourse (class,cid) VALUES ('WEBUG13h',305);
INSERT INTO programcourse (class,cid) VALUES ('WEBUG13h',324);

-- course requirements --
INSERT INTO course_req (cid,req_cid) VALUES (309,305);
INSERT INTO course_req (cid,req_cid) VALUES (309,307);
INSERT INTO course_req (cid,req_cid) VALUES (312,309);
INSERT INTO course_req (cid,req_cid) VALUES (319,305);
INSERT INTO course_req (cid,req_cid) VALUES (319,307);
INSERT INTO course_req (cid,req_cid) VALUES (319,308);
INSERT INTO course_req (cid,req_cid) VALUES (319,309);

-- DVSUG --
INSERT INTO user (uid,username,password,firstname,lastname,ssn,email,class) VALUES (200,'a13andka','$2y$10$qGYP1gTTr7SG5/WbRlxCm.1tPmmZonKSYlAJaLj00pBEAJxyeKtI2','Anders','Karlsson','910202-3434','a13andka@student.his.se','DVSUG13h');
INSERT INTO user (uid,username,password,firstname,lastname,ssn,email,class) VALUES (201,'a13sveth','$2y$10$qGYP1gTTr7SG5/WbRlxCm.1tPmmZonKSYlAJaLj00pBEAJxyeKtI2','Sven','Torbjörnsson','890502-2344','a13sveth@student.his.se','DVSUG13h');
INSERT INTO user (uid,username,password,firstname,lastname,ssn,email,class) VALUES (202,'a13saeth','$2y$10$qGYP1gTTr7SG5/WbRlxCm.1tPmmZonKSYlAJaLj00pBEAJxyeKtI2','Sven','Torbjörnsson','890502-2445','a13saeth@student.his.se','DVSUG13h');
INSERT INTO user (uid,username,password,firstname,lastname,ssn,email,class) VALUES (203,'a13sbeth','$2y$10$qGYP1gTTr7SG5/WbRlxCm.1tPmmZonKSYlAJaLj00pBEAJxyeKtI2','Sten','Torbjörnsson','890502-2674','a13sbeth@student.his.se','DVSUG13h');
INSERT INTO user (uid,username,password,firstname,lastname,ssn,email,class) VALUES (204,'c13sneth','$2y$10$qGYP1gTTr7SG5/WbRlxCm.1tPmmZonKSYlAJaLj00pBEAJxyeKtI2','Syen','Torbjörnsson','890502-2944','a13sneth@student.his.se','DVSUG13h');
INSERT INTO user (uid,username,password,firstname,lastname,ssn,email,class) VALUES (205,'b13sceth','$2y$10$qGYP1gTTr7SG5/WbRlxCm.1tPmmZonKSYlAJaLj00pBEAJxyeKtI2','Suen','Torbjörnsson','890502-2389','a13sceth@student.his.se','DVSUG13h');
INSERT INTO user (uid,username,password,firstname,lastname,ssn,email,class) VALUES (206,'a13steth','$2y$10$qGYP1gTTr7SG5/WbRlxCm.1tPmmZonKSYlAJaLj00pBEAJxyeKtI2','Rddn','Torbjörnsson','890702-1389','a13steth@student.his.se','DVSUG13h');
INSERT INTO user (uid,username,password,firstname,lastname,ssn,email,class) VALUES (207,'b13syeth','$2y$10$qGYP1gTTr7SG5/WbRlxCm.1tPmmZonKSYlAJaLj00pBEAJxyeKtI2','Suen','Torbjörnsson','790202-2389','a13syeth@student.his.se','DVSUG13h');
INSERT INTO user (uid,username,password,firstname,lastname,ssn,email,class) VALUES (208,'a13eyeth','$2y$10$qGYP1gTTr7SG5/WbRlxCm.1tPmmZonKSYlAJaLj00pBEAJxyeKtI2','Eyde','Torbjörnsson','790222-2489','a13syeth@student.his.se','DVSUG13h');
INSERT INTO user (uid,username,password,firstname,lastname,ssn,email,class) VALUES (209,'a13eydth','$2y$10$qGYP1gTTr7SG5/WbRlxCm.1tPmmZonKSYlAJaLj00pBEAJxyeKtI2','tuen','Torbjörnsson','730202-2379','a13syeth@student.his.se','DVSUG13h');
INSERT INTO user (uid,username,password,firstname,lastname,ssn,email,class) VALUES (210,'c13dddth','$2y$10$qGYP1gTTr7SG5/WbRlxCm.1tPmmZonKSYlAJaLj00pBEAJxyeKtI2','tuen','Torbjörnsson','781202-2389','a13syeth@student.his.se','DVSUG13h');

-- WEBUG --
INSERT INTO user (uid,username,password,firstname,lastname,ssn,email,class) VALUES (211,'c13aaath','$2y$10$qGYP1gTTr7SG5/WbRlxCm.1tPmmZonKSYlAJaLj00pBEAJxyeKtI2','Tuen','Torbjörnsson','781902-3381','a13syeth@student.his.se','WEBUG13h');
INSERT INTO user (uid,username,password,firstname,lastname,ssn,email,class) VALUES (212,'c13timan','$2y$10$qGYP1gTTr7SG5/WbRlxCm.1tPmmZonKSYlAJaLj00pBEAJxyeKtI2','Tim','Andersson','901202-2399','c13timan@student.his.se','WEBUG14h');
INSERT INTO user (uid,username,password,firstname,lastname,ssn,email,class) VALUES (213,'a13siman','$2y$10$qGYP1gTTr7SG5/WbRlxCm.1tPmmZonKSYlAJaLj00pBEAJxyeKtI2','Simon','Andersson','931202-2489','a13siman@student.his.se','WEBUG14h');
INSERT INTO user (uid,username,password,firstname,lastname,ssn,email,class) VALUES (214,'a13henan','$2y$10$qGYP1gTTr7SG5/WbRlxCm.1tPmmZonKSYlAJaLj00pBEAJxyeKtI2','Henrik','Andersson','891202-3489','a13henan@student.his.se','WEBUG14h');
INSERT INTO user (uid,username,password,firstname,lastname,ssn,email,class) VALUES (215,'a13jacan','$2y$10$qGYP1gTTr7SG5/WbRlxCm.1tPmmZonKSYlAJaLj00pBEAJxyeKtI2','Jacob','Andersson Svensson','751202-2389','a13jacan@student.his.se','WEBUG14h');

-- Course with user --
-- Teachers --
INSERT INTO user_course (uid,cid,result,access,period,term,vers) VALUES (6,1,0,'W',1,'HT15',45656);
INSERT INTO user_course (uid,cid,result,access,period,term,vers) VALUES (7,1,0,'W',1,'HT15',45656);
INSERT INTO user_course (uid,cid,result,access,period,term,vers) VALUES (4,2,0,'W',1,'HT15',97732);
INSERT INTO user_course (uid,cid,result,access,period,term,vers) VALUES (6,2,0,'W',1,'HT15',97731);
INSERT INTO user_course (uid,cid,result,access,period,term,vers) VALUES (6,4,0,'W',1,'HT15',1338);
-- Teachers END --

-- Old users --
INSERT INTO user_course (uid,cid,result,access,period,term,teacher,vers,examiner,`groups`) VALUES (200,4,0,'R',4,'VT-15','BoLindberg',1338,6,'No_1');
INSERT INTO user_course (uid,cid,result,access,period,term,teacher,vers,examiner,`groups`) VALUES (200,305,0,'R',2,'VT-14','BoLindberg',12305,6,'No_1');
INSERT INTO user_course (uid,cid,result,access,period,term,teacher,vers,examiner,`groups`) VALUES (200,307,0,'R',2,'VT-14','BoLindberg',12307,6,'No_1');
INSERT INTO user_course (uid,cid,result,access,period,term,teacher,vers,examiner,`groups`) VALUES (200,308,0,'R',3,'HT-14','BoLindberg',12308,6,'No_1');
INSERT INTO user_course (uid,cid,result,access,period,term,teacher,vers,examiner,`groups`) VALUES (200,309,0,'R',3,'HT-14','BoLindberg',12309,6,'No_1');
INSERT INTO user_course (uid,cid,result,access,period,term,teacher,vers,examiner,`groups`) VALUES (200,312,0,'R',4,'VT-15','BoLindberg',12312,6,'No_1');


INSERT INTO user_course (uid,cid,result,access,period,term,teacher,vers,examiner,`groups`) VALUES (201,4,0,'R',4,'VT-15','BoLindberg',1338,6,'No_1');
INSERT INTO user_course (uid,cid,result,access,period,term,teacher,vers,examiner,`groups`) VALUES (201,305,0,'R',2,'VT-14','BoLindberg',12305,6,'No_1');
INSERT INTO user_course (uid,cid,result,access,period,term,teacher,vers,examiner,`groups`) VALUES (201,307,0,'R',2,'VT-14','BoLindberg',12307,6,'No_1');
INSERT INTO user_course (uid,cid,result,access,period,term,teacher,vers,examiner,`groups`) VALUES (201,308,0,'R',3,'HT-14','BoLindberg',12308,6,'No_1');
INSERT INTO user_course (uid,cid,result,access,period,term,teacher,vers,examiner,`groups`) VALUES (201,309,0,'R',3,'HT-14','BoLindberg',12309,6,'No_1');
INSERT INTO user_course (uid,cid,result,access,period,term,teacher,vers,examiner,`groups`) VALUES (201,312,0,'R',4,'VT-15','BoLindberg',12312,6,'No_1');
INSERT INTO user_course (uid,cid,result,access,period,term,teacher,vers,examiner,`groups`) VALUES (201,319,0,'R',4,'HT-15','BoLindberg',12319,6,'No_1');

INSERT INTO user_course (uid,cid,result,access,period,term,teacher,vers,examiner,`groups`) VALUES (202,305,0,'R',1,'HT-13','BoLindberg',12305,6,'No_1');
INSERT INTO user_course (uid,cid,result,access,period,term,teacher,vers,examiner,`groups`) VALUES (203,305,0,'R',1,'HT-13','BoLindberg',12305,6,'No_1');
-- Old users END --

-- Users added 2017 --
-- DVSUG --
INSERT INTO user_course (uid,cid,result,access,period,term,teacher,vers,examiner,`groups`) VALUES (216,1,0,'R',1,'HT15','BoLindberg',45656,6,'No_1');
INSERT INTO user_course (uid,cid,result,access,period,term,teacher,vers,examiner,`groups`) VALUES (217,1,0,'R',1,'HT15','BoLindberg',45656,6,'No_1');
INSERT INTO user_course (uid,cid,result,access,period,term,teacher,vers,examiner,`groups`) VALUES (218,1,0,'R',1,'HT15','BoLindberg',45656,6,'No_1');
INSERT INTO user_course (uid,cid,result,access,period,term,teacher,vers,examiner,`groups`) VALUES (219,1,0,'R',1,'HT15','BoLindberg',45656,6,'No_1');
INSERT INTO user_course (uid,cid,result,access,period,term,teacher,vers,examiner,`groups`) VALUES (220,1,0,'R',1,'HT15','BoLindberg',45656,6,'No_1');
INSERT INTO user_course (uid,cid,result,access,period,term,teacher,vers,examiner,`groups`) VALUES (231,1,0,'R',1,'HT15','BoLindberg',45656,6,'No_1');
INSERT INTO user_course (uid,cid,result,access,period,term,teacher,vers,examiner,`groups`) VALUES (232,1,0,'R',1,'HT15','BoLindberg',45656,6,'No_1');
INSERT INTO user_course (uid,cid,result,access,period,term,teacher,vers,examiner,`groups`) VALUES (233,1,0,'R',1,'HT15','BoLindberg',45656,6,'No_1');
INSERT INTO user_course (uid,cid,result,access,period,term,teacher,vers,examiner,`groups`) VALUES (234,1,0,'R',1,'HT15','BoLindberg',45656,6,'No_1');
INSERT INTO user_course (uid,cid,result,access,period,term,teacher,vers,examiner,`groups`) VALUES (235,1,0,'R',1,'HT15','BoLindberg',45656,6,'No_1');

INSERT INTO user_course (uid,cid,result,access,period,term,teacher,vers,examiner,`groups`) VALUES (216,2,0,'R',1,'HT15','EmmaLindberg',97732,6,'No_2');
INSERT INTO user_course (uid,cid,result,access,period,term,teacher,vers,examiner,`groups`) VALUES (217,2,0,'R',1,'HT15','EmmaLindberg',97732,6,'No_2');
INSERT INTO user_course (uid,cid,result,access,period,term,teacher,vers,examiner,`groups`) VALUES (218,2,0,'R',1,'HT15','EmmaLindberg',97732,6,'No_2');
INSERT INTO user_course (uid,cid,result,access,period,term,teacher,vers,examiner,`groups`) VALUES (219,2,0,'R',1,'HT15','EmmaLindberg',97732,6,'No_2');
INSERT INTO user_course (uid,cid,result,access,period,term,teacher,vers,examiner,`groups`) VALUES (220,2,0,'R',1,'HT15','EmmaLindberg',97732,6,'No_2');
INSERT INTO user_course (uid,cid,result,access,period,term,teacher,vers,examiner,`groups`) VALUES (231,2,0,'R',1,'HT15','EmmaLindberg',97732,6,'No_2');
INSERT INTO user_course (uid,cid,result,access,period,term,teacher,vers,examiner,`groups`) VALUES (232,2,0,'R',1,'HT15','EmmaLindberg',97732,6,'No_2');
INSERT INTO user_course (uid,cid,result,access,period,term,teacher,vers,examiner,`groups`) VALUES (233,2,0,'R',1,'HT15','EmmaLindberg',97732,6,'No_2');
INSERT INTO user_course (uid,cid,result,access,period,term,teacher,vers,examiner,`groups`) VALUES (234,2,0,'R',1,'HT15','EmmaLindberg',97732,6,'No_2');
INSERT INTO user_course (uid,cid,result,access,period,term,teacher,vers,examiner,`groups`) VALUES (235,2,0,'R',1,'HT15','EmmaLindberg',97732,6,'No_2');

INSERT INTO user_course (uid,cid,result,access,period,term,teacher,vers,examiner,`groups`) VALUES (216,4,0,'R',1,'HT15','BoLindberg',1338,6,'No_1');
INSERT INTO user_course (uid,cid,result,access,period,term,teacher,vers,examiner,`groups`) VALUES (217,4,0,'R',1,'HT15','BoLindberg',1338,6,'No_1');
INSERT INTO user_course (uid,cid,result,access,period,term,teacher,vers,examiner,`groups`) VALUES (218,4,0,'R',1,'HT15','BoLindberg',1338,6,'No_1');
INSERT INTO user_course (uid,cid,result,access,period,term,teacher,vers,examiner,`groups`) VALUES (219,4,0,'R',1,'HT15','BoLindberg',1338,6,'No_1');
INSERT INTO user_course (uid,cid,result,access,period,term,teacher,vers,examiner,`groups`) VALUES (220,4,0,'R',1,'HT15','BoLindberg',1338,6,'No_1');

-- WEBUG13 --
INSERT INTO user_course (uid,cid,result,access,period,term,teacher,vers,examiner,`groups`) VALUES (221,1,0,'R',1,'HT15','BoLindberg',45656,6,'No_1');
INSERT INTO user_course (uid,cid,result,access,period,term,teacher,vers,examiner,`groups`) VALUES (222,1,0,'R',1,'HT15','BoLindberg',45656,6,'No_1');
INSERT INTO user_course (uid,cid,result,access,period,term,teacher,vers,examiner,`groups`) VALUES (223,1,0,'R',1,'HT15','BoLindberg',45656,6,'No_1');
INSERT INTO user_course (uid,cid,result,access,period,term,teacher,vers,examiner,`groups`) VALUES (224,1,0,'R',1,'HT15','BoLindberg',45656,6,'No_1');
INSERT INTO user_course (uid,cid,result,access,period,term,teacher,vers,examiner,`groups`) VALUES (225,1,0,'R',1,'HT15','BoLindberg',45656,6,'No_1');

INSERT INTO user_course (uid,cid,result,access,period,term,teacher,vers,examiner,`groups`) VALUES (221,2,0,'R',1,'HT15','EmmaLindberg',97732,4,'No_2');
INSERT INTO user_course (uid,cid,result,access,period,term,teacher,vers,examiner,`groups`) VALUES (222,2,0,'R',1,'HT15','EmmaLindberg',97732,4,'No_2');
INSERT INTO user_course (uid,cid,result,access,period,term,teacher,vers,examiner,`groups`) VALUES (223,2,0,'R',1,'HT15','EmmaLindberg',97732,4,'No_2');
INSERT INTO user_course (uid,cid,result,access,period,term,teacher,vers,examiner,`groups`) VALUES (224,2,0,'R',1,'HT15','EmmaLindberg',97732,4,'No_2');
INSERT INTO user_course (uid,cid,result,access,period,term,teacher,vers,examiner,`groups`) VALUES (225,2,0,'R',1,'HT15','EmmaLindberg',97732,4,'No_2');

INSERT INTO user_course (uid,cid,result,access,period,term,teacher,vers,examiner,`groups`) VALUES (221,4,0,'R',1,'HT15','BoLindberg',1338,6,'No_1');
INSERT INTO user_course (uid,cid,result,access,period,term,teacher,vers,examiner,`groups`) VALUES (222,4,0,'R',1,'HT15','BoLindberg',1338,6,'No_1');
INSERT INTO user_course (uid,cid,result,access,period,term,teacher,vers,examiner,`groups`) VALUES (223,4,0,'R',1,'HT15','BoLindberg',1338,6,'No_1');
INSERT INTO user_course (uid,cid,result,access,period,term,teacher,vers,examiner,`groups`) VALUES (224,4,0,'R',1,'HT15','BoLindberg',1338,6,'No_1');
INSERT INTO user_course (uid,cid,result,access,period,term,teacher,vers,examiner,`groups`) VALUES (225,4,0,'R',1,'HT15','BoLindberg',1338,6,'No_1');

-- WEBUG14 --
INSERT INTO user_course (uid,cid,result,access,period,term,teacher,vers,examiner,`groups`) VALUES (226,1,0,'R',1,'HT15','EmmaLindberg',45656,4,'No_2');
INSERT INTO user_course (uid,cid,result,access,period,term,teacher,vers,examiner,`groups`) VALUES (227,1,0,'R',1,'HT15','EmmaLindberg',45656,4,'No_2');
INSERT INTO user_course (uid,cid,result,access,period,term,teacher,vers,examiner,`groups`) VALUES (228,1,0,'R',1,'HT15','EmmaLindberg',45656,4,'No_2');
INSERT INTO user_course (uid,cid,result,access,period,term,teacher,vers,examiner,`groups`) VALUES (229,1,0,'R',1,'HT15','EmmaLindberg',45656,4,'No_2');
INSERT INTO user_course (uid,cid,result,access,period,term,teacher,vers,examiner,`groups`) VALUES (230,1,0,'R',1,'HT15','EmmaLindberg',45656,4,'No_2');

INSERT INTO user_course (uid,cid,result,access,period,term,teacher,vers,examiner,`groups`) VALUES (226,2,0,'R',1,'HT15','EmmaLindberg',97732,4,'No_2');
INSERT INTO user_course (uid,cid,result,access,period,term,teacher,vers,examiner,`groups`) VALUES (227,2,0,'R',1,'HT15','EmmaLindberg',97732,4,'No_2');
INSERT INTO user_course (uid,cid,result,access,period,term,teacher,vers,examiner,`groups`) VALUES (228,2,0,'R',1,'HT15','EmmaLindberg',97732,4,'No_2');
INSERT INTO user_course (uid,cid,result,access,period,term,teacher,vers,examiner,`groups`) VALUES (229,2,0,'R',1,'HT15','EmmaLindberg',97732,4,'No_2');
INSERT INTO user_course (uid,cid,result,access,period,term,teacher,vers,examiner,`groups`) VALUES (230,2,0,'R',1,'HT15','EmmaLindberg',97732,4,'No_2');

INSERT INTO user_course (uid,cid,result,access,period,term,teacher,vers,examiner,`groups`) VALUES (226,4,0,'R',1,'HT15','EmmaLindberg',1338,4,'No_2');
INSERT INTO user_course (uid,cid,result,access,period,term,teacher,vers,examiner,`groups`) VALUES (227,4,0,'R',1,'HT15','EmmaLindberg',1338,4,'No_2');
INSERT INTO user_course (uid,cid,result,access,period,term,teacher,vers,examiner,`groups`) VALUES (228,4,0,'R',1,'HT15','EmmaLindberg',1338,4,'No_2');
INSERT INTO user_course (uid,cid,result,access,period,term,teacher,vers,examiner,`groups`) VALUES (229,4,0,'R',1,'HT15','EmmaLindberg',1338,4,'No_2');
INSERT INTO user_course (uid,cid,result,access,period,term,teacher,vers,examiner,`groups`) VALUES (230,4,0,'R',1,'HT15','EmmaLindberg',1338,4,'No_2');

/* Examination/subparts */
INSERT INTO subparts (partname,cid,parthp,difgrade) VALUES ('salstentamen',305,7.5,'u-3-4-5');
INSERT INTO subparts (partname,cid,parthp,difgrade) VALUES ('salstentamen',307,5.0,'u-3-4-5');
INSERT INTO subparts (partname,cid,parthp,difgrade) VALUES ('salstentamen',308,7.5,'u-3-4-5');
INSERT INTO subparts (partname,cid,parthp,difgrade) VALUES ('salstentamen',309,7.5,'u-3-4-5');
INSERT INTO subparts (partname,cid,parthp,difgrade) VALUES ('salstentamen',312,5,'u-3-4-5');
INSERT INTO subparts (partname,cid,parthp,difgrade) VALUES ('salstentamen',319,30,'u-3-4-5');

/* Student results/Credits */
INSERT INTO partresult (cid,uid,partname,grade,hp) VALUES (305,200,'salstentamen',5,7.5);
INSERT INTO partresult (cid,uid,partname,grade,hp) VALUES (307,200,'salstentamen',5,5);
INSERT INTO partresult (cid,uid,partname,grade,hp) VALUES (308,200,'salstentamen',5,7.5);
INSERT INTO partresult (cid,uid,partname,grade,hp) VALUES (309,200,'salstentamen',5,7.5);
INSERT INTO partresult (cid,uid,partname,grade,hp) VALUES (312,200,'salstentamen',5,7.5);

INSERT INTO partresult (cid,uid,partname,grade,hp) VALUES (305,201,'salstentamen',4,7.5);
INSERT INTO partresult (cid,uid,partname,grade,hp) VALUES (307,201,'salstentamen',5,5);
INSERT INTO partresult (cid,uid,partname,grade,hp) VALUES (308,201,'salstentamen','u',7.5);
INSERT INTO partresult (cid,uid,partname,grade,hp) VALUES (309,201,'salstentamen','u',7.5);
INSERT INTO partresult (cid,uid,partname,grade,hp) VALUES (312,201,'salstentamen',3,7.5);
INSERT INTO partresult (cid,uid,partname,grade,hp) VALUES (319,201,'salstentamen','u',30);

INSERT INTO partresult (cid,uid,partname,grade,hp) VALUES (305,202,'salstentamen',4,7.5);

INSERT INTO partresult (cid,uid,partname,grade,hp) VALUES (305,203,'salstentamen',4,7.5);

/* Insert into list */
INSERT INTO list (listnr,listeriesid,responsible,course) VALUES ('23415',2001,'Christina Sjogren',2);
INSERT INTO list (listnr,listeriesid,responsible,course) VALUES ('23415',2004,'Christina Sjogren',2);
INSERT INTO list (listnr,listeriesid,responsible,course) VALUES ('23415',2010,'Christina Sjogren',2);
INSERT INTO list (listnr,listeriesid,responsible,course) VALUES ('23415',2013,'Christina Sjogren',2);
INSERT INTO list (listnr,listeriesid,responsible,course) VALUES ('23415',2016,'Christina Sjogren',2);
INSERT INTO list (listnr,listeriesid,responsible,course) VALUES ('23415',2019,'Christina Sjogren',2);
INSERT INTO list (listnr,listeriesid,responsible,course) VALUES ('23415',2022,'Christina Sjogren',2);

-- END UMV test data END --

/* Testdata for description box in PHP Example */
INSERT INTO userAnswer (cid,quiz,variant,moment,grade,uid,useranswer,submitted,marked,vers,creator,score) VALUES ('2','5','13','2007',NULL,'2',NULL,'2015-05-20 10:49:22',NULL,'97732',NULL,NULL);
INSERT INTO userAnswer (cid,quiz,variant,moment,grade,uid,useranswer,submitted,marked,vers,creator,score) VALUES ('2','5','13','2007',NULL,'1010',NULL,'2015-05-20 11:18:42',NULL,'97732',NULL,NULL);
INSERT INTO userAnswer (cid,quiz,variant,moment,grade,uid,useranswer,submitted,marked,vers,creator,score) VALUES ('2','9','19','2007',NULL,'100',NULL,'2015-05-21 14:17:02',NULL,'97732',NULL,NULL);
INSERT INTO userAnswer (cid,quiz,variant,moment,grade,uid,useranswer,submitted,marked,vers,creator,score) VALUES ('2','7','15','2010',NULL,'2',NULL,'2015-05-20 14:40:35',NULL,'97732',NULL,NULL);

/* Link all test files */
INSERT INTO fileLink (filename,kind,cid,isGlobal) VALUES ("HTML_Ex1.css",3,1,0);
INSERT INTO fileLink (filename,kind,cid,isGlobal) VALUES ("HTML_Ex1.html",3,1,0);
INSERT INTO fileLink (filename,kind,cid,isGlobal) VALUES ("HTML_Ex1.js",3,1,0);
INSERT INTO fileLink (filename,kind,cid,isGlobal) VALUES ("HTML_Ex1.txt",2,1,1);
INSERT INTO fileLink (filename,kind,cid,isGlobal) VALUES ("HTML_Ex2.html",3,1,0);
INSERT INTO fileLink (filename,kind,cid,isGlobal) VALUES ("HTML_Ex2.txt",2,1,1);
INSERT INTO fileLink (filename,kind,cid,isGlobal) VALUES ("HTML_Ex3.html",3,1,0);
INSERT INTO fileLink (filename,kind,cid,isGlobal) VALUES ("HTML_Ex3.txt",2,1,1);
INSERT INTO fileLink (filename,kind,cid,isGlobal) VALUES ("HTML_Ex4.html",3,1,0);
INSERT INTO fileLink (filename,kind,cid,isGlobal) VALUES ("HTML_Ex4.txt",2,1,1);
INSERT INTO fileLink (filename,kind,cid,isGlobal) VALUES ("HTML_Ex5.html",3,1,0);
INSERT INTO fileLink (filename,kind,cid,isGlobal) VALUES ("HTML_Ex5.txt",2,1,1);
INSERT INTO fileLink (filename,kind,cid,isGlobal) VALUES ("HTML_Ex6.html",3,1,0);
INSERT INTO fileLink (filename,kind,cid,isGlobal) VALUES ("HTML_Ex6.txt",2,1,1);
INSERT INTO fileLink (filename,kind,cid,isGlobal) VALUES ("HTML_Ex7.html",3,1,0);
INSERT INTO fileLink (filename,kind,cid,isGlobal) VALUES ("HTML_Ex7.txt",2,1,1);
INSERT INTO fileLink (filename,kind,cid,isGlobal) VALUES ("HTML_Ex8.css",3,1,0);
INSERT INTO fileLink (filename,kind,cid,isGlobal) VALUES ("HTML_Ex8.html",3,1,0);
INSERT INTO fileLink (filename,kind,cid,isGlobal) VALUES ("HTML_Ex8.js",3,1,0);
INSERT INTO fileLink (filename,kind,cid,isGlobal) VALUES ("HTML_Ex8.txt",2,1,1);
INSERT INTO fileLink (filename,kind,cid,isGlobal) VALUES ("JavaScript_Ex1.html",3,1,0);
INSERT INTO fileLink (filename,kind,cid,isGlobal) VALUES ("JavaScript_Ex1.js",3,1,0);
INSERT INTO fileLink (filename,kind,cid,isGlobal) VALUES ("JavaScript_Ex1.txt",2,1,1);
INSERT INTO fileLink (filename,kind,cid,isGlobal) VALUES ("JavaScript_Ex2.html",3,1,0);
INSERT INTO fileLink (filename,kind,cid,isGlobal) VALUES ("JavaScript_Ex2.js",3,1,0);
INSERT INTO fileLink (filename,kind,cid,isGlobal) VALUES ("JavaScript_Ex2.txt",2,1,1);
INSERT INTO fileLink (filename,kind,cid,isGlobal) VALUES ("JavaScript_Ex3.html",3,1,0);
INSERT INTO fileLink (filename,kind,cid,isGlobal) VALUES ("JavaScript_Ex3.js",3,1,0);
INSERT INTO fileLink (filename,kind,cid,isGlobal) VALUES ("JavaScript_Ex3.txt",2,1,1);
INSERT INTO fileLink (filename,kind,cid,isGlobal) VALUES ("PHP_Ex1.php",3,1,0);
INSERT INTO fileLink (filename,kind,cid,isGlobal) VALUES ("PHP_Ex1.txt",2,1,1);
INSERT INTO fileLink (filename,kind,cid,isGlobal) VALUES ("PHP_Ex2.php",3,1,0);
INSERT INTO fileLink (filename,kind,cid,isGlobal) VALUES ("PHP_Ex2.txt",2,1,1);
INSERT INTO fileLink (filename,kind,cid,isGlobal) VALUES ("PHP_Ex3.php",3,1,0);
INSERT INTO fileLink (filename,kind,cid,isGlobal) VALUES ("PHP_Ex3.txt",2,1,1);
INSERT INTO fileLink (filename,kind,cid,isGlobal) VALUES ("Shader_Ex1.html",3,1,0);
INSERT INTO fileLink (filename,kind,cid,isGlobal) VALUES ("Shader_Ex1.js",3,1,0);
INSERT INTO fileLink (filename,kind,cid,isGlobal) VALUES ("Shader_Ex1.txt",2,1,1);
INSERT INTO fileLink (filename,kind,cid,isGlobal) VALUES ("Shader_Ex2.html",3,1,0);
INSERT INTO fileLink (filename,kind,cid,isGlobal) VALUES ("Shader_Ex2.js",3,1,0);
INSERT INTO fileLink (filename,kind,cid,isGlobal) VALUES ("Shader_Ex2.txt",2,1,1);
INSERT INTO fileLink (filename,kind,cid,isGlobal) VALUES ("minimikrav_m2.md",3,2,0);
INSERT INTO fileLink (filename,kind,cid,isGlobal) VALUES ("test.png",3,2,0);
INSERT INTO fileLink (filename,kind,cid,isGlobal) VALUES ("cssdugga-site-1.png",3,2,0);

INSERT INTO fileLink (filename,kind,cid,isGlobal, filesize) VALUES ("helloWorld.html",3,2,0,137);
INSERT INTO fileLink (filename,kind,cid,isGlobal, filesize) VALUES ("helloWorld.html",2,2,1,137);
INSERT INTO fileLink (filename,kind,cid,isGlobal, filesize) VALUES ("HelloPhp.php",3,2,0,35);
INSERT INTO fileLink (filename,kind,cid,isGlobal, filesize, vers) VALUES ("testJS.js",4,2,0, 45,97732);
INSERT INTO fileLink (filename,kind,cid,isGlobal, filesize) VALUES ("mdTest.md",2,2,1,60);
INSERT INTO fileLink (filename,kind,cid,isGlobal, filesize) VALUES ("Codeblock.txt",3,3,0,238);
INSERT INTO fileLink (filename,kind,cid,isGlobal, filesize) VALUES ("StylingTest.txt",3,3,0,174);
INSERT INTO fileLink (filename,kind,cid,isGlobal, filesize) VALUES ("ListTest.txt",3,3,0,513);
INSERT INTO fileLink (filename,kind,cid,isGlobal, filesize) VALUES ("LinkTest.txt",3,3,0,92);

INSERT INTO submission (uid, cid, vers, did, seq, fieldnme, filepath, filename, extension, mime, kind, segment, updtime)
VALUES (229,2,'97732',10,1,'InlPHPDocument','submissions/2/97732/10/Olsson_Nils_a99nilol/','Utbildningsplan_WEBUG','pdf','application/pdf',1,'2016','2018-04-09 14:29:37');
INSERT INTO submission (uid, cid, vers, did, seq, fieldnme, filepath, filename, extension, mime, kind, segment, updtime)
VALUES (229,2,'97732',10,1,'InlPHPZip','submissions/2/97732/10/Olsson_Nils_a99nilol/','coursesyspw.php4','zip','application/zip',1,'2016','2018-04-09 14:29:37');

INSERT INTO submission (uid, cid, vers, did, seq, fieldnme, filepath, filename, extension, mime, kind, segment, updtime)
VALUES (217,2,'97732',10,1,'InlPHPDocument','submissions/2/97732/10/Johansson_Erik_a99erijo/','Kursplan_IT351G','pdf','application/pdf',1,'2016','2018-04-09 14:29:37');
INSERT INTO submission (uid, cid, vers, did, seq, fieldnme, filepath, filename, extension, mime, kind, segment, updtime)
VALUES (217,2,'97732',10,1,'InlPHPZip','submissions/2/97732/10/Johansson_Erik_a99erijo/','coursesyspw.php4','zip','application/zip',1,'2016','2018-04-09 14:29:37');
INSERT INTO submission (uid, cid, vers, did, seq, fieldnme, filepath, filename, extension, mime, kind, segment, updtime)
VALUES (217,2,'97732',1,1,NULL,NULL,NULL,NULL,NULL,1,'2002','2015-01-15 09:12:51');
INSERT INTO submission (uid, cid, vers, did, seq, fieldnme, filepath, filename, extension, mime, kind, segment, updtime)
VALUES (217,2,'97732',1,1,NULL,NULL,NULL,NULL,NULL,1,'2005','2015-01-15 09:12:51');

INSERT INTO submission (uid, cid, vers, did, seq, fieldnme, filepath, filename, extension, mime, kind, segment, updtime)
VALUES (218,2,'97732',10,1,'InlPHPDocument','submissions/2/97732/10/Andersson_Anna_a99annan/','Utbildningsplan_WEBUG','pdf','application/pdf',1,'2016','2018-04-09 14:29:37');
INSERT INTO submission (uid, cid, vers, did, seq, fieldnme, filepath, filename, extension, mime, kind, segment, updtime)
VALUES (218,2,'97732',10,1,'InlPHPZip','submissions/2/97732/10/Andersson_Anna_a99annan/','coursesyspw.php4','zip','application/zip',1,'2016','2018-04-09 14:29:37');
INSERT INTO submission (uid, cid, vers, did, seq, fieldnme, filepath, filename, extension, mime, kind, segment, updtime)
VALUES (218,2,'97732',1,1,NULL,NULL,NULL,NULL,NULL,1,'2005','2018-05-17 09:12:51');
INSERT INTO submission (uid, cid, vers, did, seq, fieldnme, filepath, filename, extension, mime, kind, segment, updtime)
VALUES (218,2,'97732',1,1,NULL,NULL,NULL,NULL,NULL,1,'2006','2018-05-17 09:12:51');

INSERT INTO submission (uid, cid, vers, did, seq, fieldnme, filepath, filename, extension, mime, kind, segment, updtime)
VALUES (219,2,'97732',10,1,'InlPHPDocument','submissions/2/97732/10/Andersson_Lars_a99laran/','Kursplan_IT351G','pdf','application/pdf',1,'2016','2018-04-09 14:29:37');
INSERT INTO submission (uid, cid, vers, did, seq, fieldnme, filepath, filename, extension, mime, kind, segment, updtime)
VALUES (219,2,'97732',10,1,'InlPHPZip','submissions/2/97732/10/Andersson_Lars_a99laran/','coursesyspw.php4','zip','application/zip',1,'2016','2018-04-09 14:29:37');
INSERT INTO submission (uid, cid, vers, did, seq, fieldnme, filepath, filename, extension, mime, kind, segment, updtime)
VALUES (219,2,'97732',1,1,NULL,NULL,NULL,NULL,NULL,1,'2002','2018-05-17 09:12:51');
INSERT INTO submission (uid, cid, vers, did, seq, fieldnme, filepath, filename, extension, mime, kind, segment, updtime)
VALUES (219,2,'97732',1,1,NULL,NULL,NULL,NULL,NULL,1,'2003','2018-05-17 09:12:51');
INSERT INTO submission (uid, cid, vers, did, seq, fieldnme, filepath, filename, extension, mime, kind, segment, updtime)
VALUES (219,2,'97732',1,1,NULL,NULL,NULL,NULL,NULL,1,'2008','2018-05-17 09:50:56');
INSERT INTO submission (uid, cid, vers, did, seq, fieldnme, filepath, filename, extension, mime, kind, segment, updtime)
VALUES (219,2,'97732',1,1,NULL,NULL,NULL,NULL,NULL,1,'2009','2018-05-17 09:50:56');

INSERT INTO submission (uid, cid, vers, did, seq, fieldnme, filepath, filename, extension, mime, kind, segment, updtime)
VALUES (216,2,'97732',10,1,'InlPHPDocument','submissions/2/97732/10/Johansson_Maria_a99marjo/','Utbildningsplan_WEBUG','pdf','application/pdf',1,'2016','2018-04-09 14:29:37');
INSERT INTO submission (uid, cid, vers, did, seq, fieldnme, filepath, filename, extension, mime, kind, segment, updtime)
VALUES (216,2,'97732',10,1,'InlPHPZip','submissions/2/97732/10/Johansson_Maria_a99marjo/','coursesyspw.php4','zip','application/zip',1,'2016','2018-04-09 14:29:37');
INSERT INTO submission (uid, cid, vers, did, seq, fieldnme, filepath, filename, extension, mime, kind, segment, updtime)
VALUES (216,2,'97732',1,1,NULL,NULL,NULL,NULL,NULL,1,'2002','2015-01-15 09:12:51');
INSERT INTO submission (uid, cid, vers, did, seq, fieldnme, filepath, filename, extension, mime, kind, segment, updtime)
VALUES (216,2,'97732',1,1,NULL,NULL,NULL,NULL,NULL,1,'2003','2015-01-15 09:12:51');
INSERT INTO submission (uid, cid, vers, did, seq, fieldnme, filepath, filename, extension, mime, kind, segment, updtime)
VALUES (216,2,'97732',1,1,NULL,NULL,NULL,NULL,NULL,1,'2008','2015-01-15 09:12:51');
INSERT INTO submission (uid, cid, vers, did, seq, fieldnme, filepath, filename, extension, mime, kind, segment, updtime)
VALUES (216,2,'97732',1,1,NULL,NULL,NULL,NULL,NULL,1,'2009','2015-01-15 09:12:51');
INSERT INTO submission (uid, cid, vers, did, seq, fieldnme, filepath, filename, extension, mime, kind, segment, updtime)
VALUES (216,2,'97732',1,1,NULL,NULL,NULL,NULL,NULL,1,'2011','2015-01-15 09:12:51');
INSERT INTO submission (uid, cid, vers, did, seq, fieldnme, filepath, filename, extension, mime, kind, segment, updtime)
VALUES (216,2,'97732',1,1,NULL,NULL,NULL,NULL,NULL,1,'2012','2015-01-15 09:12:51');

INSERT INTO submission (uid, cid, vers, did, seq, fieldnme, filepath, filename, extension, mime, kind, segment, updtime)
VALUES (220,2,'97732',1,1,NULL,NULL,NULL,NULL,NULL,1,'2005','2018-05-17 09:12:51');
INSERT INTO submission (uid, cid, vers, did, seq, fieldnme, filepath, filename, extension, mime, kind, segment, updtime)
VALUES (220,2,'97732',1,1,NULL,NULL,NULL,NULL,NULL,1,'2006','2018-05-17 09:12:51');
INSERT INTO submission (uid, cid, vers, did, seq, fieldnme, filepath, filename, extension, mime, kind, segment, updtime)
VALUES (220,2,'97732',1,1,NULL,NULL,NULL,NULL,NULL,1,'2011','2018-05-15 09:50:56');
INSERT INTO submission (uid, cid, vers, did, seq, fieldnme, filepath, filename, extension, mime, kind, segment, updtime)
VALUES (220,2,'97732',1,1,NULL,NULL,NULL,NULL,NULL,1,'2012','2018-05-15 09:50:56');
INSERT INTO submission (uid, cid, vers, did, seq, fieldnme, filepath, filename, extension, mime, kind, segment, updtime)
VALUES (220,2,'97732',1,1,NULL,NULL,NULL,NULL,NULL,1,'2014','2018-05-17 10:23:28');

INSERT INTO submission (uid, cid, vers, did, seq, fieldnme, filepath, filename, extension, mime, kind, segment, updtime)
VALUES (222,2,'97732',1,1,NULL,NULL,NULL,NULL,NULL,1,'2002','2018-05-17 09:12:51');
INSERT INTO submission (uid, cid, vers, did, seq, fieldnme, filepath, filename, extension, mime, kind, segment, updtime)
VALUES (222,2,'97732',1,1,NULL,NULL,NULL,NULL,NULL,1,'2003','2018-05-17 09:12:51');
INSERT INTO submission (uid, cid, vers, did, seq, fieldnme, filepath, filename, extension, mime, kind, segment, updtime)
VALUES (222,2,'97732',1,1,NULL,NULL,NULL,NULL,NULL,1,'2005','2015-01-15 09:12:51');
INSERT INTO submission (uid, cid, vers, did, seq, fieldnme, filepath, filename, extension, mime, kind, segment, updtime)
VALUES (222,2,'97732',1,1,NULL,NULL,NULL,NULL,NULL,1,'2036','2018-05-17 10:50:42');

INSERT INTO submission (uid, cid, vers, did, seq, fieldnme, filepath, filename, extension, mime, kind, segment, updtime)
VALUES (223,2,'97732',1,1,NULL,NULL,NULL,NULL,NULL,1,'2005','2014-05-17 09:12:51');
INSERT INTO submission (uid, cid, vers, did, seq, fieldnme, filepath, filename, extension, mime, kind, segment, updtime)
VALUES (223,2,'97732',1,1,NULL,NULL,NULL,NULL,NULL,1,'2006','2014-05-17 09:12:51');

INSERT INTO submission (uid, cid, vers, did, seq, fieldnme, filepath, filename, extension, mime, kind, segment, updtime)
VALUES (224,2,'97732',1,1,NULL,NULL,NULL,NULL,NULL,1,'2002','2015-01-15 09:12:51');
INSERT INTO submission (uid, cid, vers, did, seq, fieldnme, filepath, filename, extension, mime, kind, segment, updtime)
VALUES (224,2,'97732',1,1,NULL,NULL,NULL,NULL,NULL,1,'2003','2015-01-15 09:12:51');
INSERT INTO submission (uid, cid, vers, did, seq, fieldnme, filepath, filename, extension, mime, kind, segment, updtime)
VALUES (224,2,'97732',1,1,NULL,NULL,NULL,NULL,NULL,1,'2008','2015-01-15 09:12:51');
INSERT INTO submission (uid, cid, vers, did, seq, fieldnme, filepath, filename, extension, mime, kind, segment, updtime)
VALUES (224,2,'97732',1,1,NULL,NULL,NULL,NULL,NULL,1,'2009','2015-01-15 09:12:51');
INSERT INTO submission (uid, cid, vers, did, seq, fieldnme, filepath, filename, extension, mime, kind, segment, updtime)
VALUES (224,2,'97732',1,1,NULL,NULL,NULL,NULL,NULL,1,'2011','2015-01-15 09:12:51');
INSERT INTO submission (uid, cid, vers, did, seq, fieldnme, filepath, filename, extension, mime, kind, segment, updtime)
VALUES (224,2,'97732',1,1,NULL,NULL,NULL,NULL,NULL,1,'2012','2015-01-15 09:12:51');

INSERT INTO submission (uid, cid, vers, did, seq, fieldnme, filepath, filename, extension, mime, kind, segment, updtime)
VALUES (225,2,'97732',1,1,NULL,NULL,NULL,NULL,NULL,1,'2002','2015-01-15 09:12:51');
INSERT INTO submission (uid, cid, vers, did, seq, fieldnme, filepath, filename, extension, mime, kind, segment, updtime)
VALUES (225,2,'97732',1,1,NULL,NULL,NULL,NULL,NULL,1,'2003','2015-01-15 09:12:51');
INSERT INTO submission (uid, cid, vers, did, seq, fieldnme, filepath, filename, extension, mime, kind, segment, updtime)
VALUES (225,2,'97732',1,1,NULL,NULL,NULL,NULL,NULL,1,'2008','2015-01-15 09:12:51');
INSERT INTO submission (uid, cid, vers, did, seq, fieldnme, filepath, filename, extension, mime, kind, segment, updtime)
VALUES (225,2,'97732',1,1,NULL,NULL,NULL,NULL,NULL,1,'2009','2015-01-15 09:12:51');
INSERT INTO submission (uid, cid, vers, did, seq, fieldnme, filepath, filename, extension, mime, kind, segment, updtime)
VALUES (225,2,'97732',1,1,NULL,NULL,NULL,NULL,NULL,1,'2011','2015-01-15 09:12:51');
INSERT INTO submission (uid, cid, vers, did, seq, fieldnme, filepath, filename, extension, mime, kind, segment, updtime)
VALUES (225,2,'97732',1,1,NULL,NULL,NULL,NULL,NULL,1,'2012','2015-01-15 09:12:51');


INSERT INTO userAnswer (cid,quiz,variant,moment,grade,uid,useranswer,submitted,marked,vers,creator,score,timesGraded) VALUES ('2','10','21','2015',NULL,'216',NULL,'2015-05-20 14:50:35',NULL,'97732',NULL,NULL,0);
INSERT INTO userAnswer (cid,quiz,variant,moment,grade,uid,useranswer,submitted,marked,vers,creator,score,timesGraded) VALUES ('2','10','21','2016',NULL,'216','2 97732 3006 Submitted,T 0 1440 900 1440 738','2015-05-20 14:50:35',NULL,'97732',NULL,NULL,0);
INSERT INTO userAnswer (cid,quiz,variant,moment,grade,uid,useranswer,submitted,marked,vers,creator,score,timesGraded) VALUES ('2','10','21','2015',NULL,'229',NULL,'2015-05-20 14:50:35',NULL,'97732',NULL,NULL,0);
INSERT INTO userAnswer (cid,quiz,variant,moment,grade,uid,useranswer,submitted,marked,vers,creator,score,timesGraded) VALUES ('2','10','21','2016',NULL,'229','2 97732 3006 Submitted,T 0 1440 900 1440 738','2015-05-20 14:50:35',NULL,'97732',NULL,NULL,0);
INSERT INTO userAnswer (cid,quiz,variant,moment,grade,uid,useranswer,submitted,marked,vers,creator,score,timesGraded) VALUES ('2','10','21','2015',NULL,'219',NULL,'2015-05-20 14:50:35',NULL,'97732',NULL,NULL,0);
INSERT INTO userAnswer (cid,quiz,variant,moment,grade,uid,useranswer,submitted,marked,vers,creator,score,timesGraded) VALUES ('2','10','21','2016',NULL,'219','2 97732 3006 Submitted,T 0 1440 900 1440 738','2015-05-20 14:50:35',NULL,'97732',NULL,NULL,0);
INSERT INTO userAnswer (cid,quiz,variant,moment,grade,uid,useranswer,submitted,marked,vers,creator,score,timesGraded) VALUES ('2','10','21','2015',NULL,'218',NULL,'2015-05-20 14:50:35',NULL,'97732',NULL,NULL,0);
INSERT INTO userAnswer (cid,quiz,variant,moment,grade,uid,useranswer,submitted,marked,vers,creator,score,timesGraded) VALUES ('2','10','21','2016',NULL,'218','2 97732 3006 Submitted,T 0 1440 900 1440 738','2015-05-20 14:50:35',NULL,'97732',NULL,NULL,0);
INSERT INTO userAnswer (cid,quiz,variant,moment,grade,uid,useranswer,submitted,marked,vers,creator,score,timesGraded) VALUES ('2','10','21','2015',NULL,'217',NULL,'2015-05-20 14:50:35',NULL,'97732',NULL,NULL,0);
INSERT INTO userAnswer (cid,quiz,variant,moment,grade,uid,useranswer,submitted,marked,vers,creator,score,timesGraded) VALUES ('2','10','21','2016',NULL,'217','2 97732 3006 Submitted,T 0 1440 900 1440 738','2015-05-20 14:50:35',NULL,'97732',NULL,NULL,0);

INSERT INTO userAnswer (cid,quiz,variant,moment,grade,uid,useranswer,submitted,marked,vers,creator,score,timesGraded) VALUES ('2','1','3','2001',NULL,'217',NULL,'2015-01-15 09:12:51',NULL,'97732',NULL,NULL,0);
INSERT INTO userAnswer (cid,quiz,variant,moment,grade,uid,useranswer,submitted,marked,vers,creator,score,timesGraded) VALUES ('2','1','3','2002',NULL,'217','2 97732 2002 00000000,0 0 1366 768 1349 662','2015-01-15 09:12:51',NULL,'97732',NULL,1,0);
INSERT INTO userAnswer (cid,quiz,variant,moment,grade,uid,useranswer,submitted,marked,vers,creator,score,timesGraded) VALUES ('2','3','7','2004',NULL,'217',NULL,'2018-05-17 09:12:51',NULL,'97732',NULL,NULL,0);
INSERT INTO userAnswer (cid,quiz,variant,moment,grade,uid,useranswer,submitted,marked,vers,creator,score,timesGraded) VALUES ('2','3','7','2005',NULL,'217','2 97732 2005 0 1 4 0 0 1366 768 1349 662','2015-01-15 09:12:51',NULL,'97732',NULL,6,0);

INSERT INTO userAnswer (cid,quiz,variant,moment,grade,uid,useranswer,submitted,marked,vers,creator,score,timesGraded) VALUES ('2','3','7','2004',NULL,'218',NULL,'2018-05-17 09:12:51',NULL,'97732',NULL,NULL,0);
INSERT INTO userAnswer (cid,quiz,variant,moment,grade,uid,useranswer,submitted,marked,vers,creator,score,timesGraded) VALUES ('2','3','7','2005',NULL,'218','2 97732 2005 0 1 4 0 0 1366 768 1349 662','2018-05-17 09:12:51',NULL,'97732',NULL,6,0);
INSERT INTO userAnswer (cid,quiz,variant,moment,grade,uid,useranswer,submitted,marked,vers,creator,score,timesGraded) VALUES ('2','3','7','2006',NULL,'218','2 97732 2006 0 4 0 4 0 0 1366 768 1349 662','2018-05-17 09:12:51',NULL,'97732',NULL,4,0);

INSERT INTO userAnswer (cid,quiz,variant,moment,grade,uid,useranswer,submitted,marked,vers,creator,score,timesGraded) VALUES ('2','1','3','2001',NULL,'219',NULL,'2018-05-17 09:12:51',NULL,'97732',NULL,NULL,0);
INSERT INTO userAnswer (cid,quiz,variant,moment,grade,uid,useranswer,submitted,marked,vers,creator,score,timesGraded) VALUES ('2','1','3','2002',1,'219','2 97732 2002 00000000,0 0 1366 768 1349 662','2018-05-17 09:12:51','2018-05-18 09:12:51','97732',NULL,1,1);
INSERT INTO userAnswer (cid,quiz,variant,moment,grade,uid,useranswer,submitted,marked,vers,creator,score,timesGraded) VALUES ('2','1','3','2003',2,'219','2 97732 2003 01101000,4 0 1366 768 1349 662','2018-05-17 09:12:51','2018-05-18 09:12:51','97732',NULL,7,1);
INSERT INTO userAnswer (cid,quiz,variant,moment,grade,uid,useranswer,submitted,marked,vers,creator,score,timesGraded) VALUES ('2','1','3','2007',NULL,'219',NULL,'2018-05-17 09:50:56',NULL,'97732',NULL,NULL,0);
INSERT INTO userAnswer (cid,quiz,variant,moment,grade,uid,useranswer,submitted,marked,vers,creator,score,timesGraded) VALUES ('2','1','3','2008',NULL,'219','2 97732 2008 ..T 516 1366 768 1349 662','2018-05-17 09:50:56',NULL,'97732',NULL,0,0);
INSERT INTO userAnswer (cid,quiz,variant,moment,grade,uid,useranswer,submitted,marked,vers,creator,score,timesGraded) VALUES ('2','1','3','2009',NULL,'219','2 97732 2009 .L 10 20.L 10 20.T 951 1366 768 1349 662','2018-05-17 09:50:56',NULL,'97732',NULL,3,0);

INSERT INTO userAnswer (cid,quiz,variant,moment,grade,uid,useranswer,submitted,marked,vers,creator,score,timesGraded) VALUES ('2','1','3','2001',2,'216',NULL,'2015-01-15 09:12:51','2015-01-16 09:12:51','97732',NULL,NULL,1);
INSERT INTO userAnswer (cid,quiz,variant,moment,grade,uid,useranswer,submitted,marked,vers,creator,score,timesGraded) VALUES ('2','1','3','2002',2,'216','2 97732 2002 00000000,0 0 1366 768 1349 662','2015-01-15 09:12:51','2015-01-16 09:12:51','97732',NULL,1,1);
INSERT INTO userAnswer (cid,quiz,variant,moment,grade,uid,useranswer,submitted,marked,vers,creator,score,timesGraded) VALUES ('2','1','3','2003',2,'216','2 97732 2003 01101000,4 0 1366 768 1349 662','2015-01-15 09:12:51','2015-01-16 09:12:51','97732',NULL,7,1);
INSERT INTO userAnswer (cid,quiz,variant,moment,grade,uid,useranswer,submitted,marked,vers,creator,score,timesGraded) VALUES ('2','1','3','2007',NULL,'216',NULL,'2015-01-15 09:12:51',NULL,'97732',NULL,NULL,0);
INSERT INTO userAnswer (cid,quiz,variant,moment,grade,uid,useranswer,submitted,marked,vers,creator,score,timesGraded) VALUES ('2','1','3','2008',1,'216','2 97732 2008 ..T 516 1366 768 1349 662','2015-01-15 09:12:51','2015-01-16 09:12:51','97732',NULL,0,1);
INSERT INTO userAnswer (cid,quiz,variant,moment,grade,uid,useranswer,submitted,marked,vers,creator,score,timesGraded) VALUES ('2','1','3','2009',NULL,'216','2 97732 2009 .L 10 20.L 10 20.T 951 1366 768 1349 662','2015-01-15 09:12:51',NULL,'97732',NULL,3,0);
INSERT INTO userAnswer (cid,quiz,variant,moment,grade,uid,useranswer,submitted,marked,vers,creator,score,timesGraded) VALUES ('2','1','3','2010',NULL,'216',NULL,'2015-01-15 09:12:51',NULL,'97732',NULL,NULL,0);
INSERT INTO userAnswer (cid,quiz,variant,moment,grade,uid,useranswer,submitted,marked,vers,creator,score,timesGraded) VALUES ('2','1','3','2011',NULL,'216','2 97732 2011 .T1.T 257 1366 768 1349 662','2015-01-15 09:12:51',NULL,'97732',NULL,0,0);
INSERT INTO userAnswer (cid,quiz,variant,moment,grade,uid,useranswer,submitted,marked,vers,creator,score,timesGraded) VALUES ('2','1','3','2012',NULL,'216','2 97732 2012 .D2.T 151 1366 768 1349 662','2015-01-15 09:12:51',NULL,'97732',NULL,1,0);

INSERT INTO userAnswer (cid,quiz,variant,moment,grade,uid,useranswer,submitted,marked,vers,creator,score,timesGraded) VALUES ('2','3','7','2004',NULL,'220',NULL,'2018-05-17 09:12:51',NULL,'97732',NULL,NULL,0);
INSERT INTO userAnswer (cid,quiz,variant,moment,grade,uid,useranswer,submitted,marked,vers,creator,score,timesGraded) VALUES ('2','3','7','2005',NULL,'220','2 97732 2005 0 1 4 0 0 1366 768 1349 662','2018-05-17 09:12:51',NULL,'97732',NULL,6,0);
INSERT INTO userAnswer (cid,quiz,variant,moment,grade,uid,useranswer,submitted,marked,vers,creator,score,timesGraded) VALUES ('2','3','7','2006',NULL,'220','2 97732 2006 0 4 0 4 0 0 1366 768 1349 662','2018-05-17 09:12:51',NULL,'97732',NULL,4,0);
INSERT INTO userAnswer (cid,quiz,variant,moment,grade,uid,useranswer,submitted,marked,vers,creator,score,timesGraded) VALUES ('2','1','3','2010',NULL,'220',NULL,'2018-05-15 09:50:56',NULL,'97732',NULL,NULL,0);
INSERT INTO userAnswer (cid,quiz,variant,moment,grade,uid,useranswer,submitted,marked,vers,creator,score,timesGraded) VALUES ('2','1','3','2011',NULL,'220','2 97732 2011 .T1.T 257 1366 768 1349 662','2018-05-15 09:50:56',NULL,'97732',NULL,0,0);
INSERT INTO userAnswer (cid,quiz,variant,moment,grade,uid,useranswer,submitted,marked,vers,creator,score,timesGraded) VALUES ('2','1','3','2012',NULL,'220','2 97732 2012 .D2.T 151 1366 768 1349 662','2018-05-15 09:50:56',NULL,'97732',NULL,1,0);
INSERT INTO userAnswer (cid,quiz,variant,moment,grade,uid,useranswer,submitted,marked,vers,creator,score,timesGraded) VALUES ('2','9','17','2013',NULL,'220',NULL,'2018-05-17 10:23:28',NULL,'97732',NULL,NULL,0);
INSERT INTO userAnswer (cid,quiz,variant,moment,grade,uid,useranswer,submitted,marked,vers,creator,score,timesGraded) VALUES ('2','9','17','2014',NULL,'220','2 97732 2014 C&quot:Formations:','2018-05-17 10:23:28',NULL,'97732',NULL,NULL,0);

INSERT INTO userAnswer (cid,quiz,variant,moment,grade,uid,useranswer,submitted,marked,vers,creator,score,timesGraded) VALUES ('2','1','3','2001',NULL,'222',NULL,'2018-05-17 09:12:51',NULL,'97732',NULL,NULL,0);
INSERT INTO userAnswer (cid,quiz,variant,moment,grade,uid,useranswer,submitted,marked,vers,creator,score,timesGraded) VALUES ('2','1','3','2002',NULL,'222','2 97732 2002 00000000,0 0 1366 768 1349 662','2018-05-17 09:12:51',NULL,'97732',NULL,1,0);
INSERT INTO userAnswer (cid,quiz,variant,moment,grade,uid,useranswer,submitted,marked,vers,creator,score,timesGraded) VALUES ('2','1','3','2003',NULL,'222','2 97732 2003 01101000,4 0 1366 768 1349 662','2018-05-17 09:12:51',NULL,'97732',NULL,7,0);
INSERT INTO userAnswer (cid,quiz,variant,moment,grade,uid,useranswer,submitted,marked,vers,creator,score,timesGraded) VALUES ('2','3','7','2004',NULL,'222',NULL,'2015-01-15 09:12:51',NULL,'97732',NULL,NULL,0);
INSERT INTO userAnswer (cid,quiz,variant,moment,grade,uid,useranswer,submitted,marked,vers,creator,score,timesGraded) VALUES ('2','3','7','2005',NULL,'222','2 97732 2005 0 1 4 0 0 1366 768 1349 662','2015-01-15 09:12:51',NULL,'97732',NULL,6,0);
INSERT INTO userAnswer (cid,quiz,variant,moment,grade,uid,useranswer,submitted,marked,vers,creator,score,timesGraded) VALUES ('2','12','23','2035',NULL,'222',NULL,'2018-05-17 10:50:42',NULL,'97732',NULL,NULL,0);
INSERT INTO userAnswer (cid,quiz,variant,moment,grade,uid,useranswer,submitted,marked,vers,creator,score,timesGraded) VALUES ('2','12','23','2036',NULL,'222','2 97732 2036 .White.T 0 1366 768 1349 662','2018-05-17 10:50:42',NULL,'97732',NULL,0,0);

INSERT INTO userAnswer (cid,quiz,variant,moment,grade,uid,useranswer,submitted,marked,vers,creator,score,timesGraded) VALUES ('2','3','7','2004',1,'223',NULL,'2014-05-17 09:12:51','2014-05-18 09:12:51','97732',NULL,NULL,2);
INSERT INTO userAnswer (cid,quiz,variant,moment,grade,uid,useranswer,submitted,marked,vers,creator,score,timesGraded) VALUES ('2','3','7','2005',1,'223','2 97732 2005 0 1 4 0 0 1366 768 1349 662','2014-05-17 09:12:51','2014-05-18 09:12:51','97732',NULL,6,2);
INSERT INTO userAnswer (cid,quiz,variant,moment,grade,uid,useranswer,submitted,marked,vers,creator,score,timesGraded) VALUES ('2','3','7','2006',2,'223','2 97732 2006 0 4 0 4 0 0 1366 768 1349 662','2014-05-17 09:12:51','2014-05-18 09:12:51','97732',NULL,4,2);

INSERT INTO userAnswer (cid,quiz,variant,moment,grade,uid,useranswer,submitted,marked,vers,creator,score,timesGraded) VALUES ('2','1','3','2001',1,'224',NULL,'2015-01-15 09:12:51','2015-01-16 09:12:51','97732',NULL,NULL,1);
INSERT INTO userAnswer (cid,quiz,variant,moment,grade,uid,useranswer,submitted,marked,vers,creator,score,timesGraded) VALUES ('2','1','3','2002',1,'224','2 97732 2002 00000000,0 0 1366 768 1349 662','2015-01-15 09:12:51','2015-01-16 09:12:51','97732',NULL,1,1);
INSERT INTO userAnswer (cid,quiz,variant,moment,grade,uid,useranswer,submitted,marked,vers,creator,score,timesGraded) VALUES ('2','1','3','2003',2,'224','2 97732 2003 01101000,4 0 1366 768 1349 662','2015-01-15 09:12:51','2015-01-16 09:12:51','97732',NULL,7,1);
INSERT INTO userAnswer (cid,quiz,variant,moment,grade,uid,useranswer,submitted,marked,vers,creator,score,timesGraded) VALUES ('2','3','7','2004',NULL,'224',NULL,'2014-05-17 09:12:51',NULL,'97732',NULL,NULL,0);
INSERT INTO userAnswer (cid,quiz,variant,moment,grade,uid,useranswer,submitted,marked,vers,creator,score,timesGraded) VALUES ('2','3','7','2005',NULL,'224','2 97732 2005 0 1 4 0 0 1366 768 1349 662','2014-05-17 09:12:51',NULL,'97732',NULL,6,0);
INSERT INTO userAnswer (cid,quiz,variant,moment,grade,uid,useranswer,submitted,marked,vers,creator,score,timesGraded) VALUES ('2','3','7','2006',NULL,'224','2 97732 2006 0 4 0 4 0 0 1366 768 1349 662','2014-05-17 09:12:51',NULL,'97732',NULL,4,0);
INSERT INTO userAnswer (cid,quiz,variant,moment,grade,uid,useranswer,submitted,marked,vers,creator,score,timesGraded) VALUES ('2','1','3','2007',NULL,'224',NULL,'2015-01-15 09:12:51',NULL,'97732',NULL,NULL,0);
INSERT INTO userAnswer (cid,quiz,variant,moment,grade,uid,useranswer,submitted,marked,vers,creator,score,timesGraded) VALUES ('2','1','3','2008',NULL,'224','2 97732 2008 ..T 516 1366 768 1349 662','2015-01-15 09:12:51',NULL,'97732',NULL,0,0);
INSERT INTO userAnswer (cid,quiz,variant,moment,grade,uid,useranswer,submitted,marked,vers,creator,score,timesGraded) VALUES ('2','1','3','2009',NULL,'224','2 97732 2009 .L 10 20.L 10 20.T 951 1366 768 1349 662','2015-01-15 09:12:51',NULL,'97732',NULL,3,0);
INSERT INTO userAnswer (cid,quiz,variant,moment,grade,uid,useranswer,submitted,marked,vers,creator,score,timesGraded) VALUES ('2','1','3','2010',NULL,'224',NULL,'2015-01-15 09:12:51',NULL,'97732',NULL,NULL,0);
INSERT INTO userAnswer (cid,quiz,variant,moment,grade,uid,useranswer,submitted,marked,vers,creator,score,timesGraded) VALUES ('2','1','3','2011',2,'224','2 97732 2011 .T1.T 257 1366 768 1349 662','2015-01-15 09:12:51','2015-01-16 09:12:51','97732',NULL,0,1);
INSERT INTO userAnswer (cid,quiz,variant,moment,grade,uid,useranswer,submitted,marked,vers,creator,score,timesGraded) VALUES ('2','1','3','2012',NULL,'224','2 97732 2012 .D2.T 151 1366 768 1349 662','2015-01-15 09:12:51',NULL,'97732',NULL,1,0);

INSERT INTO userAnswer (cid,quiz,variant,moment,grade,uid,useranswer,submitted,marked,vers,creator,score,timesGraded) VALUES ('2','1','3','2001',2,'225',NULL,'2015-01-15 09:12:51','2015-01-16 09:12:51','97732',NULL,NULL,2);
INSERT INTO userAnswer (cid,quiz,variant,moment,grade,uid,useranswer,submitted,marked,vers,creator,score,timesGraded) VALUES ('2','1','3','2002',2,'225','2 97732 2002 00000000,0 0 1366 768 1349 662','2015-01-15 09:12:51','2015-01-16 09:12:51','97732',NULL,1,2);
INSERT INTO userAnswer (cid,quiz,variant,moment,grade,uid,useranswer,submitted,marked,vers,creator,score,timesGraded) VALUES ('2','1','3','2003',2,'225','2 97732 2003 01101000,4 0 1366 768 1349 662','2015-01-15 09:12:51','2015-01-16 09:12:51','97732',NULL,7,1);
INSERT INTO userAnswer (cid,quiz,variant,moment,grade,uid,useranswer,submitted,marked,vers,creator,score,timesGraded) VALUES ('2','3','7','2004',1,'225',NULL,'2014-05-17 09:12:51','2014-05-18 09:12:51','97732',NULL,NULL,1);
INSERT INTO userAnswer (cid,quiz,variant,moment,grade,uid,useranswer,submitted,marked,vers,creator,score,timesGraded) VALUES ('2','3','7','2005',2,'225','2 97732 2005 0 1 4 0 0 1366 768 1349 662','2014-05-17 09:12:51','2014-05-18 09:12:51','97732',NULL,6,1);
INSERT INTO userAnswer (cid,quiz,variant,moment,grade,uid,useranswer,submitted,marked,vers,creator,score,timesGraded) VALUES ('2','3','7','2006',1,'225','2 97732 2006 0 4 0 4 0 0 1366 768 1349 662','2014-05-17 09:12:51','2014-05-18 09:12:51','97732',NULL,4,1);
INSERT INTO userAnswer (cid,quiz,variant,moment,grade,uid,useranswer,submitted,marked,vers,creator,score,timesGraded) VALUES ('2','1','3','2007',NULL,'225',NULL,'2015-01-15 09:12:51',NULL,'97732',NULL,NULL,0);
INSERT INTO userAnswer (cid,quiz,variant,moment,grade,uid,useranswer,submitted,marked,vers,creator,score,timesGraded) VALUES ('2','1','3','2008',NULL,'225','2 97732 2008 ..T 516 1366 768 1349 662','2015-01-15 09:12:51',NULL,'97732',NULL,0,0);
INSERT INTO userAnswer (cid,quiz,variant,moment,grade,uid,useranswer,submitted,marked,vers,creator,score,timesGraded) VALUES ('2','1','3','2009',NULL,'225','2 97732 2009 .L 10 20.L 10 20.T 951 1366 768 1349 662','2015-01-15 09:12:51',NULL,'97732',NULL,3,0);
INSERT INTO userAnswer (cid,quiz,variant,moment,grade,uid,useranswer,submitted,marked,vers,creator,score,timesGraded) VALUES ('2','1','3','2010',NULL,'225',NULL,'2015-01-15 09:12:51',NULL,'97732',NULL,NULL,0);
INSERT INTO userAnswer (cid,quiz,variant,moment,grade,uid,useranswer,submitted,marked,vers,creator,score,timesGraded) VALUES ('2','1','3','2011',NULL,'225','2 97732 2011 .T1.T 257 1366 768 1349 662','2015-01-15 09:12:51',NULL,'97732',NULL,0,0);
INSERT INTO userAnswer (cid,quiz,variant,moment,grade,uid,useranswer,submitted,marked,vers,creator,score,timesGraded) VALUES ('2','1','3','2012',NULL,'225','2 97732 2012 .D2.T 151 1366 768 1349 662','2015-01-15 09:12:51',NULL,'97732',NULL,1,0);
